Workbook

Sheet Orders
A1: Product | B1: Order ID | C1: Order date | D1: Seller | E1: Country | F1: Quantity | G1: Unit price | H1: Discount | I1: Discounted price per unit | J1: Order amount
A2: XD-267 | B2: AE-0005 | C2: 45165 | D2: Maresca | E2: Italy | F2: 2300 | G2: =VLOOKUP(A2,Data!$B$2:$C$56,2,FALSE) -> 299 | H2: =VLOOKUP(F2,Data!F$2:G$8,2,TRUE) -> 0 | I2: =G2*(1-H2) -> 299 | J2: =I2*F2 -> 687700
A3: XD-269 | B3: AE-0006 | C3: 45168 | D3: Poulsen | E3: Denmark | F3: 1150 | G3: =VLOOKUP(A3,Data!$B$2:$C$56,2,FALSE) -> 399 | H3: =VLOOKUP(F3,Data!F$2:G$8,2,TRUE) -> 0 | I3: =G3*(1-H3) -> 399 | J3: =I3*F3 -> 458850
A4: MM-211 | B4: AE-0017 | C4: 45193 | D4: Vinci | E4: Italy | G4: =VLOOKUP(A4,Data!$B$2:$C$56,2,FALSE) -> 229 | H4: =VLOOKUP(F4,Data!F$2:G$8,2,TRUE) -> 0 | I4: =G4*(1-H4) -> 229 | J4: =I4*F4 -> 0
A5: XD-270 | B5: AE-0019 | C5: 45199 | D5: Schuster | E5: Austria | F5: 325 | G5: =VLOOKUP(A5,Data!$B$2:$C$56,2,FALSE) -> 449 | H5: =VLOOKUP(F5,Data!F$2:G$8,2,TRUE) -> 0 | I5: =G5*(1-H5) -> 449 | J5: =I5*F5 -> 145925
A6: XN-431 | B6: AE-0028 | C6: 45236 | D6: Dawson | E6: USA | F6: 1250 | G6: =VLOOKUP(A6,Data!$B$2:$C$56,2,FALSE) -> 399 | H6: =VLOOKUP(F6,Data!F$2:G$8,2,TRUE) -> 0 | I6: =G6*(1-H6) -> 399 | J6: =I6*F6 -> 498750
A7: ST-379 | B7: AE-0018 | C7: 45198 | D7: Vasquez | E7: Spain | F7: 650 | G7: =VLOOKUP(A7,Data!$B$2:$C$56,2,FALSE) -> 59 | H7: =VLOOKUP(F7,Data!F$2:G$8,2,TRUE) -> 0.05 | I7: =G7*(1-H7) -> 56.05 | J7: =I7*F7 -> 36432.5
A8: MM-192 | B8: AE-0023 | C8: 45210 | D8: Weber | E8: Germany | F8: 535 | G8: =VLOOKUP(A8,Data!$B$2:$C$56,2,FALSE) -> 179 | H8: =VLOOKUP(F8,Data!F$2:G$8,2,TRUE) -> 0.05 | I8: =G8*(1-H8) -> 170.05 | J8: =I8*F8 -> 90976.75
A9: TA-101 | B9: AE-0011 | C9: 45174 | D9: Peeters | E9: Belgium | F9: 3150 | G9: =VLOOKUP(A9,Data!$B$2:$C$56,2,FALSE) -> 199 | H9: =VLOOKUP(F9,Data!F$2:G$8,2,TRUE) -> 0 | I9: =G9*(1-H9) -> 199 | J9: =I9*F9 -> 626850
A10: XN-437 | B10: AE-0003 | C10: 45160 | D10: Radic | E10: Croatia | G10: =VLOOKUP(A10,Data!$B$2:$C$56,2,FALSE) -> 799 | H10: =VLOOKUP(F10,Data!F$2:G$8,2,TRUE) -> 0 | I10: =G10*(1-H10) -> 799 | J10: =I10*F10 -> 0
A11: TA-128 | B11: AE-0030 | C11: 45248 | D11: Vasquez | E11: Spain | F11: 1220 | G11: =VLOOKUP(A11,Data!$B$2:$C$56,2,FALSE) -> 399 | H11: =VLOOKUP(F11,Data!F$2:G$8,2,TRUE) -> 0 | I11: =G11*(1-H11) -> 399 | J11: =I11*F11 -> 486780
A12: XD-272 | B12: AE-0001 | C12: 45152 | D12: Schuster | E12: Austria | F12: 1365 | G12: =VLOOKUP(A12,Data!$B$2:$C$56,2,FALSE) -> 549 | H12: =VLOOKUP(F12,Data!F$2:G$8,2,TRUE) -> 0 | I12: =G12*(1-H12) -> 549 | J12: =I12*F12 -> 749385
A13: XD-268 | B13: AE-0009 | C13: 45171 | D13: Weber | E13: Germany | F13: 525 | G13: =VLOOKUP(A13,Data!$B$2:$C$56,2,FALSE) -> 349 | H13: =VLOOKUP(F13,Data!F$2:G$8,2,TRUE) -> 0.05 | I13: =G13*(1-H13) -> 331.55 | J13: =I13*F13 -> 174063.75
A14: TT-290 | B14: AE-0024 | C14: 45212 | D14: Radic | E14: Croatia | F14: 8125 | G14: =VLOOKUP(A14,Data!$B$2:$C$56,2,FALSE) -> 15 | H14: =VLOOKUP(F14,Data!F$2:G$8,2,TRUE) -> 0.2 | I14: =G14*(1-H14) -> 12 | J14: =I14*F14 -> 97500
A15: ST-111 | B15: AE-0026 | C15: 45225 | D15: Maresca | E15: Italy | F15: 1500 | G15: =VLOOKUP(A15,Data!$B$2:$C$56,2,FALSE) -> 99 | H15: =VLOOKUP(F15,Data!F$2:G$8,2,TRUE) -> 0 | I15: =G15*(1-H15) -> 99 | J15: =I15*F15 -> 148500
A16: XD-272 | B16: AE-0020 | C16: 45203 | D16: Carroll | E16: France | G16: =VLOOKUP(A16,Data!$B$2:$C$56,2,FALSE) -> 549 | H16: =VLOOKUP(F16,Data!F$2:G$8,2,TRUE) -> 0 | I16: =G16*(1-H16) -> 549 | J16: =I16*F16 -> 0
A17: MO-809 | B17: AE-0025 | C17: 45218 | D17: Radic | E17: Croatia | F17: 2525 | G17: =VLOOKUP(A17,Data!$B$2:$C$56,2,FALSE) -> 15 | H17: =VLOOKUP(F17,Data!F$2:G$8,2,TRUE) -> 0 | I17: =G17*(1-H17) -> 15 | J17: =I17*F17 -> 37875
A18: XD-267 | B18: AE-0012 | C18: 45175 | D18: Mckinney | E18: UK | F18: 1250 | G18: =VLOOKUP(A18,Data!$B$2:$C$56,2,FALSE) -> 299 | H18: =VLOOKUP(F18,Data!F$2:G$8,2,TRUE) -> 0 | I18: =G18*(1-H18) -> 299 | J18: =I18*F18 -> 373750
A19: XD-268 | B19: AE-0016 | C19: 45190 | D19: Rossi | E19: Italy | F19: 625 | G19: =VLOOKUP(A19,Data!$B$2:$C$56,2,FALSE) -> 349 | H19: =VLOOKUP(F19,Data!F$2:G$8,2,TRUE) -> 0.05 | I19: =G19*(1-H19) -> 331.55 | J19: =I19*F19 -> 207218.75
A20: XD-274 | B20: AE-0022 | C20: 45206 | D20: Dawson | E20: USA | F20: 1350 | G20: =VLOOKUP(A20,Data!$B$2:$C$56,2,FALSE) -> 649 | H20: =VLOOKUP(F20,Data!F$2:G$8,2,TRUE) -> 0 | I20: =G20*(1-H20) -> 649 | J20: =I20*F20 -> 876150
A21: TA-125 | B21: AE-0029 | C21: 45241 | D21: Mckinney | E21: UK | F21: 450 | G21: =VLOOKUP(A21,Data!$B$2:$C$56,2,FALSE) -> 299 | H21: =VLOOKUP(F21,Data!F$2:G$8,2,TRUE) -> 0 | I21: =G21*(1-H21) -> 299 | J21: =I21*F21 -> 134550
A22: MM-192 | B22: AE-0021 | C22: 45205 | D22: Vasquez | E22: Spain | F22: 1230 | G22: =VLOOKUP(A22,Data!$B$2:$C$56,2,FALSE) -> 179 | H22: =VLOOKUP(F22,Data!F$2:G$8,2,TRUE) -> 0 | I22: =G22*(1-H22) -> 179 | J22: =I22*F22 -> 220170
A23: XD-276 | B23: AE-0027 | C23: 45225 | D23: Vasquez | E23: Spain | F23: 225 | G23: =VLOOKUP(A23,Data!$B$2:$C$56,2,FALSE) -> 749 | H23: =VLOOKUP(F23,Data!F$2:G$8,2,TRUE) -> 0 | I23: =G23*(1-H23) -> 749 | J23: =I23*F23 -> 168525
A24: ML-141 | B24: AE-0010 | C24: 45173 | D24: Radic | E24: Croatia | G24: =VLOOKUP(A24,Data!$B$2:$C$56,2,FALSE) -> 99 | H24: =VLOOKUP(F24,Data!F$2:G$8,2,TRUE) -> 0 | I24: =G24*(1-H24) -> 99 | J24: =I24*F24 -> 0
A25: SM-119 | B25: AE-0007 | C25: 45169 | D25: Cross | E25: USA | F25: 1680 | G25: =VLOOKUP(A25,Data!$B$2:$C$56,2,FALSE) -> 65 | H25: =VLOOKUP(F25,Data!F$2:G$8,2,TRUE) -> 0 | I25: =G25*(1-H25) -> 65 | J25: =I25*F25 -> 109200
A26: ST-122 | B26: AE-0002 | C26: 45159 | D26: Weber | E26: Germany | F26: 3120 | G26: =VLOOKUP(A26,Data!$B$2:$C$56,2,FALSE) -> 119 | H26: =VLOOKUP(F26,Data!F$2:G$8,2,TRUE) -> 0 | I26: =G26*(1-H26) -> 119 | J26: =I26*F26 -> 371280
A27: ST-236 | B27: AE-0014 | C27: 45184 | D27: Maresca | E27: Italy | F27: 500 | G27: =VLOOKUP(A27,Data!$B$2:$C$56,2,FALSE) -> 149 | H27: =VLOOKUP(F27,Data!F$2:G$8,2,TRUE) -> 0.05 | I27: =G27*(1-H27) -> 141.55 | J27: =I27*F27 -> 70775
A28: MM-211 | B28: AE-0013 | C28: 45176 | D28: Cross | E28: USA | F28: 2125 | G28: =VLOOKUP(A28,Data!$B$2:$C$56,2,FALSE) -> 229 | H28: =VLOOKUP(F28,Data!F$2:G$8,2,TRUE) -> 0 | I28: =G28*(1-H28) -> 229 | J28: =I28*F28 -> 486625
A29: AL-098 | B29: AE-0008 | C29: 45171 | D29: Vasquez | E29: Spain | F29: 5150 | G29: =VLOOKUP(A29,Data!$B$2:$C$56,2,FALSE) -> 80 | H29: =VLOOKUP(F29,Data!F$2:G$8,2,TRUE) -> 0.2 | I29: =G29*(1-H29) -> 64 | J29: =I29*F29 -> 329600
A30: MO-821 | B30: AE-0015 | C30: 45188 | D30: Peeters | E30: Belgium | F30: 1560 | G30: =VLOOKUP(A30,Data!$B$2:$C$56,2,FALSE) -> 25 | H30: =VLOOKUP(F30,Data!F$2:G$8,2,TRUE) -> 0 | I30: =G30*(1-H30) -> 25 | J30: =I30*F30 -> 39000
A31: TT-220 | B31: AE-0004 | C31: 45163 | D31: Cross | E31: USA | F31: 9850 | G31: =VLOOKUP(A31,Data!$B$2:$C$56,2,FALSE) -> 10 | H31: =VLOOKUP(F31,Data!F$2:G$8,2,TRUE) -> 0.2 | I31: =G31*(1-H31) -> 8 | J31: =I31*F31 -> 78800

Sheet Data
A1: Internal ID | B1: Product | C1: Price per unit | F1: Ordered quantity (min.) | G1: Discount
A2: PDT_001 | B2: MM-194 | C2: 219 | F2: 0 | G2: 0
A3: PDT_002 | B3: ML-153 | C3: 139 | F3: 500 | G3: 0.05
A4: PDT_003 | B4: XN-432 | C4: 449 | F4: 1000
A5: PDT_004 | B5: MM-193 | C5: 199 | F5: 2000
A6: PDT_005 | B6: MO-809 | C6: 15 | F6: 3000
A7: PDT_006 | B7: AL-091 | C7: 35 | F7: 5000 | G7: 0.2
A8: PDT_007 | B8: ST-379 | C8: 59 | F8: 10000 | G8: 0.25
A9: PDT_008 | B9: AL-095 | C9: 60
A10: PDT_009 | B10: ML-141 | C10: 99
A11: PDT_010 | B11: XN-434 | C11: 549
A12: PDT_011 | B12: SM-120 | C12: 75
A13: PDT_012 | B13: XD-277 | C13: 799
A14: PDT_013 | B14: MO-821 | C14: 25
A15: PDT_014 | B15: XD-276 | C15: 749
A16: PDT_015 | B16: XD-272 | C16: 549
A17: PDT_016 | B17: AL-099 | C17: 100
A18: PDT_017 | B18: XN-435 | C18: 599
A19: PDT_018 | B19: MM-192 | C19: 179
A20: PDT_019 | B20: AL-092 | C20: 40
... A56: PDT_055 | B56: XD-271 | C56: 519
