Workbook

Sheet Case development
B2: Lesson 6 - Case 1
G3: My personal notes:
B4: To solve the case we need to:
B5: 1. | C5: Create the new Analysis worksheet
B6: 2. | C6: Create the list of software used (unique values) in column A with the Remove Duplicates command
B7: 3. | C7: Calculate in a new column the number of companies using each software (COUNTIF function)
B8: 4. | C8: Calculate in two new columns the total number of employees (SUMIF function) and the average amount of revenues (AVERAGEIF function), for each software
B9: 5. | C9: Calculate, in the Analysis worksheet and using the COUNTIF function, how many companies have more than 100 employees and how many have revenues greater than or equal to 80,000,000 $

Sheet Companies
A1: Company | B1: No. of Employees | C1: Revenues | D1: Software used
A2: Sanen | B2: 72 | C2: 63129287 | D2: eTax
A3: Argiano | B3: 28 | C3: 23689047 | D3: AxisB
A4: Arechi | B4: 30 | C4: 16521271 | D4: RingX
A5: Druetta | B5: 110 | C5: 48080676 | D5: XD
A6: Valeo | B6: 33 | C6: 10059871 | D6: RingX
A7: Flexider | B7: 148 | C7: 76984730 | D7: RingX
A8: Saugor | B8: 77 | C8: 60779126 | D8: Zack
A9: Jumbo Hbo | B9: 21 | C9: 10508842 | D9: Flex Box
A10: Tekfor | B10: 107 | C10: 103611810 | D10: ZenAct
A11: AVapi | B11: 23 | C11: 7805824 | D11: eTax
A12: Sirio | B12: 127 | C12: 113496226 | D12: Flex Box
A13: Dideco | B13: 22 | C13: 5964850 | D13: XD
... A112: Savelli | B112: 46 | C112: 6464183 | D112: RingX

Sheet Analysis
A1: Software used | B1: N. companies | C1: Total employees | D1: Average revenues
A2: AxisB | B2: =COUNTIF(Companies!D$2:D$112,A2) -> 11 | C2: =SUMIF(Companies!D$2:D$112,A2,Companies!B$2:B$112) -> 450 | D2: =AVERAGEIF(Companies!D$2:D$112,A2,Companies!C$2:C$112) -> 21484307
A3: eTax | B3: =COUNTIF(Companies!D$2:D$112,A3) -> 22 | C3: =SUMIF(Companies!D$2:D$112,A3,Companies!B$2:B$112) -> 1359 | D3: =AVERAGEIF(Companies!D$2:D$112,A3,Companies!C$2:C$112) -> 33947292
A4: FlashD | B4: =COUNTIF(Companies!D$2:D$112,A4) -> 3 | C4: =SUMIF(Companies!D$2:D$112,A4,Companies!B$2:B$112) -> 185 | D4: =AVERAGEIF(Companies!D$2:D$112,A4,Companies!C$2:C$112) -> 24054670
A5: Flex Box | B5: =COUNTIF(Companies!D$2:D$112,A5) -> 14 | C5: =SUMIF(Companies!D$2:D$112,A5,Companies!B$2:B$112) -> 740 | D5: =AVERAGEIF(Companies!D$2:D$112,A5,Companies!C$2:C$112) -> 37130127
A6: GovSW | B6: =COUNTIF(Companies!D$2:D$112,A6) -> 9 | C6: =SUMIF(Companies!D$2:D$112,A6,Companies!B$2:B$112) -> 453 | D6: =AVERAGEIF(Companies!D$2:D$112,A6,Companies!C$2:C$112) -> 30315175
A7: GSS | B7: =COUNTIF(Companies!D$2:D$112,A7) -> 10 | C7: =SUMIF(Companies!D$2:D$112,A7,Companies!B$2:B$112) -> 614 | D7: =AVERAGEIF(Companies!D$2:D$112,A7,Companies!C$2:C$112) -> 40420154
A8: RingX | B8: =COUNTIF(Companies!D$2:D$112,A8) -> 11 | C8: =SUMIF(Companies!D$2:D$112,A8,Companies!B$2:B$112) -> 1310 | D8: =AVERAGEIF(Companies!D$2:D$112,A8,Companies!C$2:C$112) -> 50945458
A9: XD | B9: =COUNTIF(Companies!D$2:D$112,A9) -> 9 | C9: =SUMIF(Companies!D$2:D$112,A9,Companies!B$2:B$112) -> 435 | D9: =AVERAGEIF(Companies!D$2:D$112,A9,Companies!C$2:C$112) -> 28867223
A10: Zack | B10: =COUNTIF(Companies!D$2:D$112,A10) -> 15 | C10: =SUMIF(Companies!D$2:D$112,A10,Companies!B$2:B$112) -> 704 | D10: =AVERAGEIF(Companies!D$2:D$112,A10,Companies!C$2:C$112) -> 24853699
A11: ZenAct | B11: =COUNTIF(Companies!D$2:D$112,A11) -> 7 | C11: =SUMIF(Companies!D$2:D$112,A11,Companies!B$2:B$112) -> 418 | D11: =AVERAGEIF(Companies!D$2:D$112,A11,Companies!C$2:C$112) -> 40648133
A14: N. of companies with more than 100 employees | B14: =COUNTIF(Companies!B2:B112,">100") -> 19
A15: N. of companies with revenues >= 80,000,000 | B15: =COUNTIF(Companies!C2:C112,">=80000000") -> 11
A17: N. of companies with more than 100 employees and revenues >= 50,000,000 | B17: =COUNTIFS(Companies!B2:B112,">100",Companies!C2:C112,">=50000000") -> 13
