Workbook

Sheet Articles
A1: Article ID | B1: Year | C1: Number of Authors | D1: Magazine | E1: Sector | F1: Quotations | G1: Copies Sold | H1: Cost
A2: ART8062 | B2: 2018 | C2: 1 | D2: Journal of Convention and Event Tourism | E2: Tourism | F2: 7 | G2: 25464 | H2: 12239
A3: ART7942 | B3: 2019 | C3: 1 | D3: Tourism Economics | E3: Tourism | F3: 3 | G3: 22158 | H3: 9461
A4: ART6879 | B4: 2016 | C4: 1 | D4: Tourism Management | E4: Tourism | F4: 9 | G4: 22767 | H4: 24325
A5: ART1326 | B5: 2019 | C5: 3 | D5: Journal of Urban Affairs | E5: Architecture | F5: 13 | G5: 32613 | H5: 0
A6: ART1121 | B6: 2020 | C6: 1 | D6: Tourism Management | E6: Tourism | F6: 13 | H6: 0
A7: ART9483 | B7: 2016 | C7: 2 | D7: Journal of Sport & Tourism | E7: Tourism | F7: 7 | G7: 34723 | H7: 0
A8: ART7405 | B8: 2020 | C8: 2 | D8: Journal of Sport & Tourism | E8: Tourism | F8: 4 | G8: 15137 | H8: 0
A9: ART9781 | B9: 2020 | C9: 2 | D9: Journal of Convention and Event Tourism | E9: Tourism | F9: 1 | G9: 36226 | H9: 8219
A10: ART7411 | B10: 2017 | C10: 2 | D10: Tourism Economics | E10: Tourism | F10: 4 | G10: 13456 | H10: 24098
A11: ART9588 | B11: 2018 | C11: 1 | D11: Journal of Convention and Event Tourism | E11: Tourism | F11: 3 | G11: 13082 | H11: 8991
A12: ART2865 | B12: 2021 | C12: 3 | D12: Annals of Tourism Research | E12: Tourism | F12: 14 | G12: 28807 | H12: 12357
A13: ART6658 | B13: 2019 | C13: 3 | D13: Journal of Travel Research | E13: Tourism | F13: 1 | G13: 39496 | H13: 29793
A14: ART7727 | B14: 2018 | C14: 1 | D14: Tourism Economics | E14: Tourism | F14: 10 | H14: 0
A15: ART6748 | B15: 2024 | C15: 1 | D15: Journal of Hospitality Management | E15: Tourism | F15: 14 | G15: 26600 | H15: 21699
A16: ART7662 | B16: 2016 | C16: 2 | D16: Event Management | E16: Marketing | F16: 4 | G16: 11384 | H16: 25351
A17: ART9180 | B17: 2024 | C17: 1 | D17: Tourism Management | E17: Tourism | F17: 14 | G17: 25299 | H17: 28069
A18: ART1747 | B18: 2024 | C18: 3 | D18: Tourism Management | E18: Tourism | F18: 10 | H18: 0
A19: ART2693 | B19: 2018 | C19: 1 | D19: Tourism etc | E19: Tourism | F19: 9 | G19: 28041 | H19: 17326
A20: ART2940 | B20: 2024 | C20: 2 | D20: Tourism Management | E20: Tourism | F20: 12 | G20: 23957 | H20: 0
A21: ART8985 | B21: 2022 | C21: 1 | D21: Public Transport International | E21: Tourism | F21: 15 | G21: 23265 | H21: 3044
A22: ART9898 | B22: 2023 | C22: 1 | D22: Tourism Management | E22: Tourism | F22: 1 | G22: 24265 | H22: 23555
A23: ART7327 | B23: 2021 | C23: 1 | D23: Tourism Management | E23: Tourism | F23: 13 | G23: 25671 | H23: 21929
A24: ART5720 | B24: 2019 | C24: 2 | D24: Tourism Economics | E24: Tourism | F24: 4 | G24: 16716 | H24: 0
A25: ART3191 | B25: 2024 | C25: 2 | D25: Tourism Economics | E25: Tourism | F25: 10 | G25: 28141 | H25: 19958
A26: ART1729 | B26: 2015 | C26: 3 | D26: Tourism Management | E26: Tourism | F26: 3 | G26: 23195 | H26: 20908
A27: ART6572 | B27: 2016 | C27: 3 | D27: Journal of Travel and Tourism Marketing | E27: Tourism | F27: 11 | G27: 14259 | H27: 17948
A28: ART7732 | B28: 2018 | C28: 3 | D28: Tourism Economics | E28: Tourism | F28: 14 | G28: 12038 | H28: 15587
A29: ART7134 | B29: 2021 | C29: 2 | D29: Annals of Tourism Research | E29: Tourism | F29: 4 | G29: 10148 | H29: 4021
A30: ART7496 | B30: 2018 | C30: 2 | D30: Tourism Economics | E30: Tourism | F30: 11 | G30: 21365 | H30: 20115
A31: ART9335 | B31: 2016 | C31: 2 | D31: Tourism Management | E31: Tourism | F31: 3 | H31: 0
A32: ART5871 | B32: 2021 | C32: 2 | D32: Tourism Management | E32: Tourism | F32: 14 | G32: 21056 | H32: 19474
A33: ART5574 | B33: 2017 | C33: 3 | D33: Journal of Sport & Tourism | E33: Tourism | F33: 8 | G33: 14536 | H33: 5511
A34: ART9360 | B34: 2024 | C34: 2 | D34: Tourism Analysis | E34: Tourism | F34: 7 | G34: 16834 | H34: 0
A35: ART2457 | B35: 2015 | C35: 2 | D35: Tourism Economics | E35: Tourism | F35: 13 | G35: 31748 | H35: 25121
A36: ART2070 | B36: 2023 | C36: 3 | D36: Annals of Tourism Research | E36: Tourism | F36: 13 | H36: 0
A37: ART3110 | B37: 2022 | C37: 3 | D37: Tourism Review International | E37: Tourism | F37: 4 | G37: 27605 | H37: 21035
A38: ART6415 | B38: 2017 | C38: 1 | D38: Canadian Geographer | E38: Geography | F38: 3 | G38: 27610 | H38: 25673
A39: ART1511 | B39: 2020 | C39: 1 | D39: Journal of Sport & Tourism | E39: Tourism | F39: 4 | G39: 13552 | H39: 0
A40: ART6544 | B40: 2016 | C40: 2 | D40: Current Issues in Tourism | E40: Tourism | F40: 9 | G40: 12793 | H40: 0
A41: ART9282 | B41: 2018 | C41: 3 | D41: Journal of Convention and Event Tourism | E41: Tourism | F41: 4 | G41: 29277 | H41: 9122
A42: ART7406 | B42: 2015 | C42: 1 | D42: Tourism Management | E42: Tourism | F42: 12 | G42: 14983 | H42: 9149
A43: ART3798 | B43: 2016 | C43: 2 | D43: Tourism Management | E43: Tourism | F43: 15 | G43: 24595 | H43: 11082
A44: ART4217 | B44: 2015 | C44: 1 | D44: Event Management | E44: Marketing | F44: 1 | G44: 30446 | H44: 16431
A45: ART6088 | B45: 2020 | C45: 3 | D45: Tourism Analysis | E45: Tourism | F45: 11 | G45: 15271 | H45: 20241
A46: ART5773 | B46: 2022 | C46: 3 | D46: Annals of Tourism Research | E46: Tourism | F46: 1 | G46: 17118 | H46: 7183
A47: ART1022 | B47: 2021 | C47: 1 | D47: Asia-Pacific Journal of Tourism Research | E47: Tourism | F47: 10 | G47: 30174 | H47: 19077
A48: ART4063 | B48: 2023 | C48: 3 | D48: Cornell H&R Administration Quarterly | E48: Economics | F48: 15 | G48: 32398 | H48: 27623
... A50: ART8391 | B50: 2022 | C50: 2 | D50: Tourism Geographies | E50: Tourism | F50: 1 | G50: 31245 | H50: 0
A51: ART3517 | B51: 2019 | C51: 1 | D51: Journal of Convention and Event Tourism | E51: Tourism | F51: 1 | H51: 0
A52: ART9855 | B52: 2024 | C52: 3 | D52: Journal of Hospitality Management | E52: Tourism | F52: 14 | H52: 0
A53: ART6918 | B53: 2020 | C53: 2 | D53: Journal of Hospitality Management | E53: Tourism | F53: 4 | G53: 19780 | H53: 0
A54: ART6575 | B54: 2016 | C54: 1 | D54: Tourism etc | E54: Tourism | F54: 4 | G54: 33328 | H54: 23425
A55: ART5605 | B55: 2023 | C55: 1 | D55: Tourism Culture and Communication | E55: Tourism | F55: 8 | G55: 19257 | H55: 21475
A56: ART9177 | B56: 2018 | C56: 1 | D56: Tourism Geographies | E56: Tourism | F56: 10 | G56: 26206 | H56: 5531
A57: ART6712 | B57: 2017 | C57: 1 | D57: Tourism etc | E57: Tourism | F57: 4 | G57: 37788 | H57: 10462
A58: ART9067 | B58: 2019 | C58: 4 | D58: Urban Studies | E58: Architecture | F58: 2 | G58: 26118 | H58: 13088
A59: ART7529 | B59: 2022 | C59: 2 | D59: Journal of Convention and Event Tourism | E59: Tourism | F59: 15 | G59: 24004 | H59: 23075
A60: ART6435 | B60: 2017 | C60: 2 | D60: Tourism Geographies | E60: Tourism | F60: 13 | G60: 33499 | H60: 10174
A61: ART8016 | B61: 2022 | C61: 1 | D61: Tourism etc | E61: Tourism | F61: 11 | G61: 13784 | H61: 6315
A62: ART8366 | B62: 2016 | C62: 1 | D62: Annals of Tourism Research | E62: Tourism | F62: 3 | G62: 12240 | H62: 29316
A63: ART1978 | B63: 2023 | C63: 1 | D63: Annals of Tourism Research | E63: Tourism | F63: 6 | G63: 17303 | H63: 8348
A64: ART8285 | B64: 2023 | C64: 1 | D64: Journal of Travel Research | E64: Tourism | F64: 6 | G64: 34709 | H64: 20425
... A70: ART6922 | B70: 2022 | C70: 2 | D70: Journal of Travel Research | E70: Tourism | F70: 10 | G70: 26169 | H70: 19538
A71: ART1178 | B71: 2021 | C71: 3 | D71: Journal of Sport & Tourism | E71: Tourism | F71: 12 | H71: 0
A72: ART6923 | B72: 2018 | C72: 3 | D72: Event Management | E72: Marketing | F72: 6 | G72: 18967 | H72: 13382
A73: ART1300 | B73: 2024 | C73: 4 | D73: Event Management | E73: Marketing | F73: 10 | G73: 13943 | H73: 3850
A74: ART2823 | B74: 2022 | C74: 2 | D74: Tourism etc | E74: Tourism | F74: 1 | G74: 21566 | H74: 5128
A75: ART7190 | B75: 2020 | C75: 1 | D75: Asia-Pacific Journal of Tourism Research | E75: Tourism | F75: 7 | G75: 16443 | H75: 13456
A76: ART1377 | B76: 2021 | C76: 1 | D76: Cornell H&R Administration Quarterly | E76: Economics | F76: 8 | G76: 19169 | H76: 0
A77: ART2749 | B77: 2022 | C77: 3 | D77: Journal of Travel Research | E77: Tourism | F77: 3 | G77: 10162 | H77: 27637
A78: ART1019 | B78: 2020 | C78: 3 | D78: Journal of Travel Research | E78: Tourism | F78: 12 | G78: 33651 | H78: 20663
A79: ART5953 | B79: 2021 | C79: 3 | D79: Tourism Review International | E79: Tourism | F79: 1 | G79: 17888 | H79: 12208
A80: ART7109 | B80: 2024 | C80: 3 | D80: Event Management | E80: Marketing | F80: 9 | G80: 33225 | H80: 0
A81: ART4454 | B81: 2019 | C81: 1 | D81: Journal of Hospitality Management | E81: Tourism | F81: 11 | G81: 22365 | H81: 0
A82: ART1814 | B82: 2021 | C82: 1 | D82: Journal of Travel Research | E82: Tourism | F82: 5 | G82: 28477 | H82: 0
A83: ART6056 | B83: 2019 | C83: 1 | D83: Event Management | E83: Marketing | F83: 13 | G83: 32877 | H83: 0
A84: ART6563 | B84: 2016 | C84: 1 | D84: Tourism Management | E84: Tourism | F84: 14 | H84: 0
A85: ART9344 | B85: 2018 | C85: 1 | D85: Tourist Studies | E85: Tourism | F85: 11 | G85: 31842 | H85: 0
A86: ART1932 | B86: 2024 | C86: 1 | D86: Annals of Tourism Research | E86: Tourism | F86: 8 | G86: 32593 | H86: 0
A87: ART2366 | B87: 2021 | C87: 3 | D87: Tourism Management | E87: Tourism | F87: 3 | G87: 36424 | H87: 8827
A88: ART5127 | B88: 2024 | C88: 2 | D88: Annals of Tourism Research | E88: Tourism | F88: 8 | G88: 36600 | H88: 13459
A89: ART9354 | B89: 2015 | C89: 2 | D89: Journal of Travel Research | E89: Tourism | F89: 2 | G89: 24710 | H89: 24566
A90: ART7151 | B90: 2022 | C90: 2 | D90: Annals of Tourism Research | E90: Tourism | F90: 10 | G90: 30293 | H90: 20407
A91: ART5251 | B91: 2019 | C91: 2 | D91: Tourism Management | E91: Tourism | F91: 8 | G91: 26229 | H91: 5938
A92: ART4763 | B92: 2022 | C92: 2 | D92: Tourism Culture and Communication | E92: Tourism | F92: 5 | G92: 32625 | H92: 0
A93: ART2679 | B93: 2018 | C93: 2 | D93: Current Issues in Tourism | E93: Tourism | F93: 9 | H93: 0
A94: ART2874 | B94: 2019 | C94: 3 | D94: Journal of Sustainable Tourism | E94: Tourism | F94: 14 | G94: 21416 | H94: 6076
A95: ART7422 | B95: 2021 | C95: 1 | D95: Annals of Tourism Research | E95: Tourism | F95: 11 | G95: 16060 | H95: 24302
A96: ART2963 | B96: 2021 | C96: 1 | D96: Tourism Management | E96: Tourism | F96: 11 | G96: 33830 | H96: 24436
A97: ART7717 | B97: 2017 | C97: 3 | D97: Tourism Management | E97: Tourism | F97: 14 | G97: 18543 | H97: 3054
A98: ART2807 | B98: 2023 | C98: 3 | D98: Event Management | E98: Marketing | F98: 9 | G98: 18517 | H98: 0
A99: ART6481 | B99: 2016 | C99: 3 | D99: Journal of Travel Research | E99: Tourism | F99: 8 | G99: 24526 | H99: 14086
A100: ART4984 | B100: 2021 | C100: 3 | D100: Tourism Management | E100: Tourism | F100: 9 | G100: 12609 | H100: 11381
A101: ART1256 | B101: 2023 | C101: 2 | D101: Journal of Travel and Tourism Marketing | E101: Tourism | F101: 14 | G101: 31243 | H101: 29890
A102: ART6358 | B102: 2019 | C102: 2 | D102: Cornell H&R Administration Quarterly | E102: Economics | F102: 5 | G102: 34594 | H102: 4627
A103: ART2160 | B103: 2024 | C103: 1 | D103: Annals of Tourism Research | E103: Tourism | F103: 4 | G103: 14901 | H103: 22943
A104: ART7236 | B104: 2024 | C104: 1 | D104: Tourism Management | E104: Tourism | F104: 13 | G104: 35372 | H104: 2153
A105: ART9681 | B105: 2020 | C105: 1 | D105: Tourism etc | E105: Tourism | F105: 7 | G105: 22666 | H105: 19149
... A107: ART9621 | B107: 2023 | C107: 2 | D107: Annals of Tourism Research | E107: Tourism | F107: 13 | G107: 14405 | H107: 0
...

Sheet Press campaign
B2: Year | C2: The total number of articles with more than 5 quotations, for each year | D2: Total cost on magazines with more than 25,000 copies sold | E2: The average quotations on articles with cost less than or equal to 10,000 $
B3: 2015 | C3: =COUNTIFS(Articles!$F$2:$F$306,">5",Articles!$B$2:$B$306,$B3) -> 8 | D3: =SUMIFS(Articles!$H$2:$H$306,Articles!$G$2:$G$306,">25000",Articles!$B$2:$B$306,$B3) -> 194476 | E3: =AVERAGEIFS(Articles!$F$2:$F$306,Articles!$H$2:$H$306, "<=10000", Articles!$B$2:$B$306, 'Press campaign'!$B3) -> 5.8333333
B4: 2016 | C4: =COUNTIFS(Articles!$F$2:$F$306,">5",Articles!$B$2:$B$306,$B4) -> 21 | D4: =SUMIFS(Articles!$H$2:$H$306,Articles!$G$2:$G$306,">25000",Articles!$B$2:$B$306,$B4) -> 148879 | E4: =AVERAGEIFS(Articles!$F$2:$F$306,Articles!$H$2:$H$306, "<=10000", Articles!$B$2:$B$306, 'Press campaign'!$B4) -> 9.25
B5: 2017 | C5: =COUNTIFS(Articles!$F$2:$F$306,">5",Articles!$B$2:$B$306,$B5) -> 17 | D5: =SUMIFS(Articles!$H$2:$H$306,Articles!$G$2:$G$306,">25000",Articles!$B$2:$B$306,$B5) -> 112539 | E5: =AVERAGEIFS(Articles!$F$2:$F$306,Articles!$H$2:$H$306, "<=10000", Articles!$B$2:$B$306, 'Press campaign'!$B5) -> 9.0909091
B6: 2018 | C6: =COUNTIFS(Articles!$F$2:$F$306,">5",Articles!$B$2:$B$306,$B6) -> 28 | D6: =SUMIFS(Articles!$H$2:$H$306,Articles!$G$2:$G$306,">25000",Articles!$B$2:$B$306,$B6) -> 116459 | E6: =AVERAGEIFS(Articles!$F$2:$F$306,Articles!$H$2:$H$306, "<=10000", Articles!$B$2:$B$306, 'Press campaign'!$B6) -> 7.7058824
B7: 2019 | C7: =COUNTIFS(Articles!$F$2:$F$306,">5",Articles!$B$2:$B$306,$B7) -> 19 | D7: =SUMIFS(Articles!$H$2:$H$306,Articles!$G$2:$G$306,">25000",Articles!$B$2:$B$306,$B7) -> 158303 | E7: =AVERAGEIFS(Articles!$F$2:$F$306,Articles!$H$2:$H$306, "<=10000", Articles!$B$2:$B$306, 'Press campaign'!$B7) -> 7.7222222
B8: 2020 | C8: =COUNTIFS(Articles!$F$2:$F$306,">5",Articles!$B$2:$B$306,$B8) -> 15 | D8: =SUMIFS(Articles!$H$2:$H$306,Articles!$G$2:$G$306,">25000",Articles!$B$2:$B$306,$B8) -> 191485 | E8: =AVERAGEIFS(Articles!$F$2:$F$306,Articles!$H$2:$H$306, "<=10000", Articles!$B$2:$B$306, 'Press campaign'!$B8) -> 7.9230769
B9: 2021 | C9: =COUNTIFS(Articles!$F$2:$F$306,">5",Articles!$B$2:$B$306,$B9) -> 24 | D9: =SUMIFS(Articles!$H$2:$H$306,Articles!$G$2:$G$306,">25000",Articles!$B$2:$B$306,$B9) -> 184953 | E9: =AVERAGEIFS(Articles!$F$2:$F$306,Articles!$H$2:$H$306, "<=10000", Articles!$B$2:$B$306, 'Press campaign'!$B9) -> 7.5714286
B10: 2022 | C10: =COUNTIFS(Articles!$F$2:$F$306,">5",Articles!$B$2:$B$306,$B10) -> 21 | D10: =SUMIFS(Articles!$H$2:$H$306,Articles!$G$2:$G$306,">25000",Articles!$B$2:$B$306,$B10) -> 239419 | E10: =AVERAGEIFS(Articles!$F$2:$F$306,Articles!$H$2:$H$306, "<=10000", Articles!$B$2:$B$306, 'Press campaign'!$B10) -> 5.8
B11: 2023 | C11: =COUNTIFS(Articles!$F$2:$F$306,">5",Articles!$B$2:$B$306,$B11) -> 24 | D11: =SUMIFS(Articles!$H$2:$H$306,Articles!$G$2:$G$306,">25000",Articles!$B$2:$B$306,$B11) -> 252942 | E11: =AVERAGEIFS(Articles!$F$2:$F$306,Articles!$H$2:$H$306, "<=10000", Articles!$B$2:$B$306, 'Press campaign'!$B11) -> 9
B12: 2024 | C12: =COUNTIFS(Articles!$F$2:$F$306,">5",Articles!$B$2:$B$306,$B12) -> 27 | D12: =SUMIFS(Articles!$H$2:$H$306,Articles!$G$2:$G$306,">25000",Articles!$B$2:$B$306,$B12) -> 169674 | E12: =AVERAGEIFS(Articles!$F$2:$F$306,Articles!$H$2:$H$306, "<=10000", Articles!$B$2:$B$306, 'Press campaign'!$B12) -> 9.5263158
