Workbook

Sheet Case development
B2: Lesson 8 - Case 2
G3: My personal notes:
B4: To solve the case we need to:
B5: 1. | C5: In the new Hours for shipping column, use IF, ISTEXT and TODAY functions to calculate and how many hours passed between the sale date and time and shipping date and time, for each sale
B6: 2. | C6: In the new column Shipping management use the IF function and operation between dates to show, for each sale: - The text string “Excellent handling” if the shipment started in 48 hours or less - An empty cell if the shipment started in 48 to 96 hours - The text string “Bad handling” if the shipment started in 96 hours or more
B7: 3. | C7: In thenew Day check column use IF and WEEKDAY functions to show, for each sale, the text string “Weekend sale” if the sale was on a Sunday or on a Saturday, or an empty cell in all other cases
B8: 4. | C8: Use conditional formatting to apply a format to the cells of the Revenue field so that the cells corresponding to sales made after 1/1/2025 and with a revenue greater than or equal to 500 euros are automatically highlighted with a fill color of your choice
B9: 5. | C9: Use conditional formatting to apply a format to the cells of the Product field so that the cells corresponding to sales made between 10:00 AM (included) and 12:00 PM (not included) are automatically highlighted with a fill color of your choice
B10: 6. | C10: In the new Analysis worksheet use the SUMIFS fuction to calculate the total revenues for each category, considering only the sales carried out between 1/10/2025 and 1/20/2025 (both inclusive), . Then sort the categories, in the Analysis worksheet, in ascending order.

Sheet Stationery
A1: Sale date and time | B1: Item | C1: Category | D1: Supplier | E1: Shipment date and time | F1: Revenue | G1: Days for shipping | H1: Shipping management | I1: Day check
A2: 45694.241 | B2: Micro scotch | C2: Scotch | D2: Atemlos | E2: 45698.425 | F2: 88.71 | G2: =IF(ISTEXT(E2),TODAY(),E2)-A2 -> 4.1840329 | H2: =IF(G2*24<=48,"Excellent handling",IF(G2*24>=96,"Bad handling","")) -> Bad handling | I2: =IF(OR(WEEKDAY(A2)=1,WEEKDAY(A2)=7),"Weekend sale","")
A3: 45679.007 | B3: Large Commercial Envelope | C3: Commercial envelope | D3: Michels | E3: 45681.595 | F3: 499.26 | G3: =IF(ISTEXT(E3),TODAY(),E3)-A3 -> 2.5879333 | H3: =IF(G3*24<=48,"Excellent handling",IF(G3*24>=96,"Bad handling","")) | I3: =IF(OR(WEEKDAY(A3)=1,WEEKDAY(A3)=7),"Weekend sale","")
A4: 45666.231 | B4: Holed transparent folder | C4: Transparent folder | D4: Marins | E4: 45670.377 | F4: 317.45 | G4: =IF(ISTEXT(E4),TODAY(),E4)-A4 -> 4.1468907 | H4: =IF(G4*24<=48,"Excellent handling",IF(G4*24>=96,"Bad handling","")) -> Bad handling | I4: =IF(OR(WEEKDAY(A4)=1,WEEKDAY(A4)=7),"Weekend sale","")
A5: 45634.197 | B5: Maxi Blocknotes | C5: Blocknotes | D5: Juppers | E5: 45637.854 | F5: 168.33 | G5: =IF(ISTEXT(E5),TODAY(),E5)-A5 -> 3.6562379 | H5: =IF(G5*24<=48,"Excellent handling",IF(G5*24>=96,"Bad handling","")) | I5: =IF(OR(WEEKDAY(A5)=1,WEEKDAY(A5)=7),"Weekend sale","") -> Weekend sale
A6: 45632.443 | B6: Maxi-ballpoint pen | C6: Pen | D6: Juppers | E6: Not shipped | F6: 500.76 | G6: =IF(ISTEXT(E6),TODAY(),E6)-A6 -> 422.55668 | H6: =IF(G6*24<=48,"Excellent handling",IF(G6*24>=96,"Bad handling","")) -> Bad handling | I6: =IF(OR(WEEKDAY(A6)=1,WEEKDAY(A6)=7),"Weekend sale","")
A7: 45666.311 | B7: Maxi-ballpoint pen | C7: Pen | D7: Juppers | E7: 45668.708 | F7: 378.66 | G7: =IF(ISTEXT(E7),TODAY(),E7)-A7 -> 2.3970802 | H7: =IF(G7*24<=48,"Excellent handling",IF(G7*24>=96,"Bad handling","")) | I7: =IF(OR(WEEKDAY(A7)=1,WEEKDAY(A7)=7),"Weekend sale","")
A8: 45658.437 | B8: Tight Commercial Envelope | C8: Commercial envelope | D8: Juppers | E8: 45661.426 | F8: 790.44 | G8: =IF(ISTEXT(E8),TODAY(),E8)-A8 -> 2.9890147 | H8: =IF(G8*24<=48,"Excellent handling",IF(G8*24>=96,"Bad handling","")) | I8: =IF(OR(WEEKDAY(A8)=1,WEEKDAY(A8)=7),"Weekend sale","")
A9: 45653.185 | B9: Micro-Ballpoint pen | C9: Pen | D9: Jovines | E9: 45655.069 | F9: 546.05 | G9: =IF(ISTEXT(E9),TODAY(),E9)-A9 -> 1.883998 | H9: =IF(G9*24<=48,"Excellent handling",IF(G9*24>=96,"Bad handling","")) -> Excellent handling | I9: =IF(OR(WEEKDAY(A9)=1,WEEKDAY(A9)=7),"Weekend sale","")
A10: 45647.889 | B10: Med File Folder | C10: File folder | D10: Marins | E10: 45649.305 | F10: 291.65 | G10: =IF(ISTEXT(E10),TODAY(),E10)-A10 -> 1.415347 | H10: =IF(G10*24<=48,"Excellent handling",IF(G10*24>=96,"Bad handling","")) -> Excellent handling | I10: =IF(OR(WEEKDAY(A10)=1,WEEKDAY(A10)=7),"Weekend sale","") -> Weekend sale
A11: 45669.633 | B11: Small Commercial Envelope | C11: Commercial envelope | D11: Juppers | E11: 45673.76 | F11: 352.77 | G11: =IF(ISTEXT(E11),TODAY(),E11)-A11 -> 4.1275974 | H11: =IF(G11*24<=48,"Excellent handling",IF(G11*24>=96,"Bad handling","")) -> Bad handling | I11: =IF(OR(WEEKDAY(A11)=1,WEEKDAY(A11)=7),"Weekend sale","") -> Weekend sale
A12: 45680.738 | B12: Micro-Ballpoint pen | C12: Pen | D12: Jovines | E12: 45683.649 | F12: 464.22 | G12: =IF(ISTEXT(E12),TODAY(),E12)-A12 -> 2.9106914 | H12: =IF(G12*24<=48,"Excellent handling",IF(G12*24>=96,"Bad handling","")) | I12: =IF(OR(WEEKDAY(A12)=1,WEEKDAY(A12)=7),"Weekend sale","")
A13: 45661.006 | B13: Maxi scotch | C13: Scotch | D13: Joy | E13: 45663.884 | F13: 494.87 | G13: =IF(ISTEXT(E13),TODAY(),E13)-A13 -> 2.8783275 | H13: =IF(G13*24<=48,"Excellent handling",IF(G13*24>=96,"Bad handling","")) | I13: =IF(OR(WEEKDAY(A13)=1,WEEKDAY(A13)=7),"Weekend sale","") -> Weekend sale
A14: 45651.331 | B14: Maxi-ballpoint pen | C14: Pen | D14: Juppers | E14: See order notes | F14: 568.46 | G14: =IF(ISTEXT(E14),TODAY(),E14)-A14 -> 403.66859 | H14: =IF(G14*24<=48,"Excellent handling",IF(G14*24>=96,"Bad handling","")) -> Bad handling | I14: =IF(OR(WEEKDAY(A14)=1,WEEKDAY(A14)=7),"Weekend sale","")
A15: 45644.617 | B15: White Blocknotes | C15: Blocknotes | D15: Atemlos | E15: 45647.281 | F15: 512.26 | G15: =IF(ISTEXT(E15),TODAY(),E15)-A15 -> 2.6639742 | H15: =IF(G15*24<=48,"Excellent handling",IF(G15*24>=96,"Bad handling","")) | I15: =IF(OR(WEEKDAY(A15)=1,WEEKDAY(A15)=7),"Weekend sale","")
A16: 45693.893 | B16: DeLuxe Pencil sharpener | C16: Pencil Sharpener | D16: World Office Supplier | E16: 45694.614 | F16: 511.42 | G16: =IF(ISTEXT(E16),TODAY(),E16)-A16 -> 0.72130603 | H16: =IF(G16*24<=48,"Excellent handling",IF(G16*24>=96,"Bad handling","")) -> Excellent handling | I16: =IF(OR(WEEKDAY(A16)=1,WEEKDAY(A16)=7),"Weekend sale","")
A17: 45682.64 | B17: Pencil with rubber | C17: Pencil | D17: Marins | E17: 45686.466 | F17: 613.21 | G17: =IF(ISTEXT(E17),TODAY(),E17)-A17 -> 3.8256762 | H17: =IF(G17*24<=48,"Excellent handling",IF(G17*24>=96,"Bad handling","")) | I17: =IF(OR(WEEKDAY(A17)=1,WEEKDAY(A17)=7),"Weekend sale","") -> Weekend sale
A18: 45684.345 | B18: Med Blocknotes | C18: Blocknotes | D18: Jovines | E18: 45688.038 | F18: 196.42 | G18: =IF(ISTEXT(E18),TODAY(),E18)-A18 -> 3.6927804 | H18: =IF(G18*24<=48,"Excellent handling",IF(G18*24>=96,"Bad handling","")) | I18: =IF(OR(WEEKDAY(A18)=1,WEEKDAY(A18)=7),"Weekend sale","")
A19: 45663.609 | B19: Transparent tape | C19: Scotch | D19: Tuscanian | E19: 45666.903 | F19: 627.66 | G19: =IF(ISTEXT(E19),TODAY(),E19)-A19 -> 3.2943704 | H19: =IF(G19*24<=48,"Excellent handling",IF(G19*24>=96,"Bad handling","")) | I19: =IF(OR(WEEKDAY(A19)=1,WEEKDAY(A19)=7),"Weekend sale","")
A20: 45627.369 | B20: Holed transparent folder | C20: Transparent folder | D20: Marins | E20: 45627.469 | F20: 606.25 | G20: =IF(ISTEXT(E20),TODAY(),E20)-A20 -> 0.10003324 | H20: =IF(G20*24<=48,"Excellent handling",IF(G20*24>=96,"Bad handling","")) -> Excellent handling | I20: =IF(OR(WEEKDAY(A20)=1,WEEKDAY(A20)=7),"Weekend sale","") -> Weekend sale
A21: 45652.901 | B21: Tight Commercial Envelope | C21: Commercial envelope | D21: Juppers | E21: 45653.706 | F21: 558.38 | G21: =IF(ISTEXT(E21),TODAY(),E21)-A21 -> 0.80499687 | H21: =IF(G21*24<=48,"Excellent handling",IF(G21*24>=96,"Bad handling","")) -> Excellent handling | I21: =IF(OR(WEEKDAY(A21)=1,WEEKDAY(A21)=7),"Weekend sale","")
A22: 45662.878 | B22: Soft-Pencil Rubber | C22: Rubber | D22: Tuscanian | E22: 45665.759 | F22: 687.35 | G22: =IF(ISTEXT(E22),TODAY(),E22)-A22 -> 2.881209 | H22: =IF(G22*24<=48,"Excellent handling",IF(G22*24>=96,"Bad handling","")) | I22: =IF(OR(WEEKDAY(A22)=1,WEEKDAY(A22)=7),"Weekend sale","") -> Weekend sale
A23: 45655.146 | B23: Hard-Pencil Rubber | C23: Rubber | D23: Jovines | E23: 45658.193 | F23: 148.22 | G23: =IF(ISTEXT(E23),TODAY(),E23)-A23 -> 3.0472305 | H23: =IF(G23*24<=48,"Excellent handling",IF(G23*24>=96,"Bad handling","")) | I23: =IF(OR(WEEKDAY(A23)=1,WEEKDAY(A23)=7),"Weekend sale","") -> Weekend sale
A24: 45643.453 | B24: Small Commercial Envelope | C24: Commercial envelope | D24: Juppers | E24: 45648.382 | F24: 560.09 | G24: =IF(ISTEXT(E24),TODAY(),E24)-A24 -> 4.9291612 | H24: =IF(G24*24<=48,"Excellent handling",IF(G24*24>=96,"Bad handling","")) -> Bad handling | I24: =IF(OR(WEEKDAY(A24)=1,WEEKDAY(A24)=7),"Weekend sale","")
A25: 45636.142 | B25: Med Blocknotes | C25: Blocknotes | D25: Jovines | E25: NA | F25: 500.61 | G25: =IF(ISTEXT(E25),TODAY(),E25)-A25 -> 418.85808 | H25: =IF(G25*24<=48,"Excellent handling",IF(G25*24>=96,"Bad handling","")) -> Bad handling | I25: =IF(OR(WEEKDAY(A25)=1,WEEKDAY(A25)=7),"Weekend sale","")
A26: 45638.35 | B26: Blue/Red Pencil | C26: Pencil | D26: Joy | E26: 45641.271 | F26: 128.93 | G26: =IF(ISTEXT(E26),TODAY(),E26)-A26 -> 2.9213096 | H26: =IF(G26*24<=48,"Excellent handling",IF(G26*24>=96,"Bad handling","")) | I26: =IF(OR(WEEKDAY(A26)=1,WEEKDAY(A26)=7),"Weekend sale","")
A27: 45628.456 | B27: Soft-Pencil Rubber | C27: Rubber | D27: Tuscanian | E27: 45629.523 | F27: 665 | G27: =IF(ISTEXT(E27),TODAY(),E27)-A27 -> 1.0670294 | H27: =IF(G27*24<=48,"Excellent handling",IF(G27*24>=96,"Bad handling","")) -> Excellent handling | I27: =IF(OR(WEEKDAY(A27)=1,WEEKDAY(A27)=7),"Weekend sale","")
A28: 45659.08 | B28: Tight Commercial Envelope | C28: Commercial envelope | D28: Juppers | E28: 45664.059 | F28: 532.01 | G28: =IF(ISTEXT(E28),TODAY(),E28)-A28 -> 4.9784341 | H28: =IF(G28*24<=48,"Excellent handling",IF(G28*24>=96,"Bad handling","")) -> Bad handling | I28: =IF(OR(WEEKDAY(A28)=1,WEEKDAY(A28)=7),"Weekend sale","")
A29: 45653.183 | B29: Med Blocknotes | C29: Blocknotes | D29: Jovines | E29: 45653.4 | F29: 563.13 | G29: =IF(ISTEXT(E29),TODAY(),E29)-A29 -> 0.21735986 | H29: =IF(G29*24<=48,"Excellent handling",IF(G29*24>=96,"Bad handling","")) -> Excellent handling | I29: =IF(OR(WEEKDAY(A29)=1,WEEKDAY(A29)=7),"Weekend sale","")
A30: 45629.149 | B30: Transparent tape | C30: Scotch | D30: Tuscanian | E30: 45631.565 | F30: 590.64 | G30: =IF(ISTEXT(E30),TODAY(),E30)-A30 -> 2.4159584 | H30: =IF(G30*24<=48,"Excellent handling",IF(G30*24>=96,"Bad handling","")) | I30: =IF(OR(WEEKDAY(A30)=1,WEEKDAY(A30)=7),"Weekend sale","")
A31: 45670.202 | B31: Blue/Red Pencil | C31: Pencil | D31: Joy | E31: 45672.877 | F31: 334.22 | G31: =IF(ISTEXT(E31),TODAY(),E31)-A31 -> 2.6741112 | H31: =IF(G31*24<=48,"Excellent handling",IF(G31*24>=96,"Bad handling","")) | I31: =IF(OR(WEEKDAY(A31)=1,WEEKDAY(A31)=7),"Weekend sale","")
A32: 45640.174 | B32: 01-Refill pencil | C32: Pencil | D32: Marins | E32: 45641.698 | F32: 323.36 | G32: =IF(ISTEXT(E32),TODAY(),E32)-A32 -> 1.5242036 | H32: =IF(G32*24<=48,"Excellent handling",IF(G32*24>=96,"Bad handling","")) -> Excellent handling | I32: =IF(OR(WEEKDAY(A32)=1,WEEKDAY(A32)=7),"Weekend sale","") -> Weekend sale
A33: 45676.836 | B33: Refill HB Pencil | C33: Pencil Refill | D33: World Office Supplier | E33: 45678.838 | F33: 466.87 | G33: =IF(ISTEXT(E33),TODAY(),E33)-A33 -> 2.001994 | H33: =IF(G33*24<=48,"Excellent handling",IF(G33*24>=96,"Bad handling","")) | I33: =IF(OR(WEEKDAY(A33)=1,WEEKDAY(A33)=7),"Weekend sale","") -> Weekend sale
A34: 45666.395 | B34: 01-Refill pencil | C34: Pencil | D34: Marins | E34: 45668.181 | F34: 130.75 | G34: =IF(ISTEXT(E34),TODAY(),E34)-A34 -> 1.7856999 | H34: =IF(G34*24<=48,"Excellent handling",IF(G34*24>=96,"Bad handling","")) -> Excellent handling | I34: =IF(OR(WEEKDAY(A34)=1,WEEKDAY(A34)=7),"Weekend sale","")
A35: 45687.332 | B35: Mini File Folder | C35: File folder | D35: Brice | E35: 45687.647 | F35: 791.14 | G35: =IF(ISTEXT(E35),TODAY(),E35)-A35 -> 0.31543807 | H35: =IF(G35*24<=48,"Excellent handling",IF(G35*24>=96,"Bad handling","")) -> Excellent handling | I35: =IF(OR(WEEKDAY(A35)=1,WEEKDAY(A35)=7),"Weekend sale","")
A36: 45692.936 | B36: B Pencil | C36: Pencil | D36: Jovines | E36: Not shipped | F36: 769.01 | G36: =IF(ISTEXT(E36),TODAY(),E36)-A36 -> 362.06351 | H36: =IF(G36*24<=48,"Excellent handling",IF(G36*24>=96,"Bad handling","")) -> Bad handling | I36: =IF(OR(WEEKDAY(A36)=1,WEEKDAY(A36)=7),"Weekend sale","")
A37: 45647.024 | B37: Soft-Pencil Rubber | C37: Rubber | D37: Tuscanian | E37: 45650.033 | F37: 339.52 | G37: =IF(ISTEXT(E37),TODAY(),E37)-A37 -> 3.0089697 | H37: =IF(G37*24<=48,"Excellent handling",IF(G37*24>=96,"Bad handling","")) | I37: =IF(OR(WEEKDAY(A37)=1,WEEKDAY(A37)=7),"Weekend sale","") -> Weekend sale
A38: 45692.313 | B38: Midi-ballpoint pen | C38: Pen | D38: World Office Supplier | E38: 45694.335 | F38: 323.25 | G38: =IF(ISTEXT(E38),TODAY(),E38)-A38 -> 2.0216326 | H38: =IF(G38*24<=48,"Excellent handling",IF(G38*24>=96,"Bad handling","")) | I38: =IF(OR(WEEKDAY(A38)=1,WEEKDAY(A38)=7),"Weekend sale","")
A39: 45655.74 | B39: Double-sided tape | C39: Scotch | D39: Michels | E39: 45659.767 | F39: 804.95 | G39: =IF(ISTEXT(E39),TODAY(),E39)-A39 -> 4.0274674 | H39: =IF(G39*24<=48,"Excellent handling",IF(G39*24>=96,"Bad handling","")) -> Bad handling | I39: =IF(OR(WEEKDAY(A39)=1,WEEKDAY(A39)=7),"Weekend sale","") -> Weekend sale
A40: 45696.086 | B40: Med File Folder | C40: File folder | D40: Marins | E40: 45701.482 | F40: 111.19 | G40: =IF(ISTEXT(E40),TODAY(),E40)-A40 -> 5.3953988 | H40: =IF(G40*24<=48,"Excellent handling",IF(G40*24>=96,"Bad handling","")) -> Bad handling | I40: =IF(OR(WEEKDAY(A40)=1,WEEKDAY(A40)=7),"Weekend sale","") -> Weekend sale
A41: 45644.301 | B41: Maxi Blocknotes | C41: Blocknotes | D41: Juppers | E41: 45645.172 | F41: 100.22 | G41: =IF(ISTEXT(E41),TODAY(),E41)-A41 -> 0.87147061 | H41: =IF(G41*24<=48,"Excellent handling",IF(G41*24>=96,"Bad handling","")) -> Excellent handling | I41: =IF(OR(WEEKDAY(A41)=1,WEEKDAY(A41)=7),"Weekend sale","")
A42: 45657.753 | B42: 01-Refill pencil | C42: Pencil | D42: Marins | E42: 45658.522 | F42: 287.71 | G42: =IF(ISTEXT(E42),TODAY(),E42)-A42 -> 0.76892941 | H42: =IF(G42*24<=48,"Excellent handling",IF(G42*24>=96,"Bad handling","")) -> Excellent handling | I42: =IF(OR(WEEKDAY(A42)=1,WEEKDAY(A42)=7),"Weekend sale","")
A43: 45681.343 | B43: Med Blocknotes | C43: Blocknotes | D43: Jovines | E43: 45684.152 | F43: 751.51 | G43: =IF(ISTEXT(E43),TODAY(),E43)-A43 -> 2.8086725 | H43: =IF(G43*24<=48,"Excellent handling",IF(G43*24>=96,"Bad handling","")) | I43: =IF(OR(WEEKDAY(A43)=1,WEEKDAY(A43)=7),"Weekend sale","")
A44: 45688.311 | B44: Micro scotch | C44: Scotch | D44: Atemlos | E44: 45692.47 | F44: 315.88 | G44: =IF(ISTEXT(E44),TODAY(),E44)-A44 -> 4.1586025 | H44: =IF(G44*24<=48,"Excellent handling",IF(G44*24>=96,"Bad handling","")) -> Bad handling | I44: =IF(OR(WEEKDAY(A44)=1,WEEKDAY(A44)=7),"Weekend sale","")
A45: 45675.876 | B45: Holed transparent folder | C45: Transparent folder | D45: Marins | E45: 45679.35 | F45: 37.1 | G45: =IF(ISTEXT(E45),TODAY(),E45)-A45 -> 3.4740772 | H45: =IF(G45*24<=48,"Excellent handling",IF(G45*24>=96,"Bad handling","")) | I45: =IF(OR(WEEKDAY(A45)=1,WEEKDAY(A45)=7),"Weekend sale","") -> Weekend sale
A46: 45660.376 | B46: Refill H Pencil | C46: Pencil Refill | D46: Juppers | E46: 45661.724 | F46: 325.1 | G46: =IF(ISTEXT(E46),TODAY(),E46)-A46 -> 1.3481764 | H46: =IF(G46*24<=48,"Excellent handling",IF(G46*24>=96,"Bad handling","")) -> Excellent handling | I46: =IF(OR(WEEKDAY(A46)=1,WEEKDAY(A46)=7),"Weekend sale","")
A47: 45685.57 | B47: Large-Spiral Blocknotes | C47: Blocknotes | D47: Juppers | E47: NA | F47: 475.17 | G47: =IF(ISTEXT(E47),TODAY(),E47)-A47 -> 369.43032 | H47: =IF(G47*24<=48,"Excellent handling",IF(G47*24>=96,"Bad handling","")) -> Bad handling | I47: =IF(OR(WEEKDAY(A47)=1,WEEKDAY(A47)=7),"Weekend sale","")
A48: 45630.069 | B48: Midi-ballpoint pen | C48: Pen | D48: World Office Supplier | E48: 45634.044 | F48: 786.44 | G48: =IF(ISTEXT(E48),TODAY(),E48)-A48 -> 3.9746463 | H48: =IF(G48*24<=48,"Excellent handling",IF(G48*24>=96,"Bad handling","")) | I48: =IF(OR(WEEKDAY(A48)=1,WEEKDAY(A48)=7),"Weekend sale","")
A49: 45638.032 | B49: Refill HB Pencil | C49: Pencil Refill | D49: World Office Supplier | E49: 45641.088 | F49: 436.63 | G49: =IF(ISTEXT(E49),TODAY(),E49)-A49 -> 3.0556482 | H49: =IF(G49*24<=48,"Excellent handling",IF(G49*24>=96,"Bad handling","")) | I49: =IF(OR(WEEKDAY(A49)=1,WEEKDAY(A49)=7),"Weekend sale","")
A50: 45693.494 | B50: Holed transparent folder | C50: Transparent folder | D50: Marins | E50: 45695.737 | F50: 302.54 | G50: =IF(ISTEXT(E50),TODAY(),E50)-A50 -> 2.2427191 | H50: =IF(G50*24<=48,"Excellent handling",IF(G50*24>=96,"Bad handling","")) | I50: =IF(OR(WEEKDAY(A50)=1,WEEKDAY(A50)=7),"Weekend sale","")
A51: 45627.029 | B51: Pencil with rubber | C51: Pencil | D51: Marins | E51: 45631.293 | F51: 638.7 | G51: =IF(ISTEXT(E51),TODAY(),E51)-A51 -> 4.2632271 | H51: =IF(G51*24<=48,"Excellent handling",IF(G51*24>=96,"Bad handling","")) -> Bad handling | I51: =IF(OR(WEEKDAY(A51)=1,WEEKDAY(A51)=7),"Weekend sale","") -> Weekend sale
A52: 45632.484 | B52: Basic-Fountain pen | C52: Pen | D52: Jovines | E52: 45634.554 | F52: 777.34 | G52: =IF(ISTEXT(E52),TODAY(),E52)-A52 -> 2.0694884 | H52: =IF(G52*24<=48,"Excellent handling",IF(G52*24>=96,"Bad handling","")) | I52: =IF(OR(WEEKDAY(A52)=1,WEEKDAY(A52)=7),"Weekend sale","")
A53: 45677.383 | B53: Micro scotch | C53: Scotch | D53: Atemlos | E53: Not shipped | F53: 813.43 | G53: =IF(ISTEXT(E53),TODAY(),E53)-A53 -> 377.61688 | H53: =IF(G53*24<=48,"Excellent handling",IF(G53*24>=96,"Bad handling","")) -> Bad handling | I53: =IF(OR(WEEKDAY(A53)=1,WEEKDAY(A53)=7),"Weekend sale","")
A54: 45630.084 | B54: Small Commercial Envelope | C54: Commercial envelope | D54: Juppers | E54: 45631.403 | F54: 346.19 | G54: =IF(ISTEXT(E54),TODAY(),E54)-A54 -> 1.3192026 | H54: =IF(G54*24<=48,"Excellent handling",IF(G54*24>=96,"Bad handling","")) -> Excellent handling | I54: =IF(OR(WEEKDAY(A54)=1,WEEKDAY(A54)=7),"Weekend sale","")
A55: 45683.129 | B55: DeLuxe Pencil sharpener | C55: Pencil Sharpener | D55: World Office Supplier | E55: 45689.038 | F55: 443.99 | G55: =IF(ISTEXT(E55),TODAY(),E55)-A55 -> 5.90851 | H55: =IF(G55*24<=48,"Excellent handling",IF(G55*24>=96,"Bad handling","")) -> Bad handling | I55: =IF(OR(WEEKDAY(A55)=1,WEEKDAY(A55)=7),"Weekend sale","") -> Weekend sale
A56: 45668.854 | B56: Refill H Pencil | C56: Pencil Refill | D56: Juppers | E56: 45671.456 | F56: 541.03 | G56: =IF(ISTEXT(E56),TODAY(),E56)-A56 -> 2.6021607 | H56: =IF(G56*24<=48,"Excellent handling",IF(G56*24>=96,"Bad handling","")) | I56: =IF(OR(WEEKDAY(A56)=1,WEEKDAY(A56)=7),"Weekend sale","") -> Weekend sale
A57: 45681.758 | B57: White Blocknotes | C57: Blocknotes | D57: Atemlos | E57: 45683.942 | F57: 487.61 | G57: =IF(ISTEXT(E57),TODAY(),E57)-A57 -> 2.1836933 | H57: =IF(G57*24<=48,"Excellent handling",IF(G57*24>=96,"Bad handling","")) | I57: =IF(OR(WEEKDAY(A57)=1,WEEKDAY(A57)=7),"Weekend sale","")
A58: 45683.302 | B58: Med File Folder | C58: File folder | D58: Marins | E58: 45683.634 | F58: 221.56 | G58: =IF(ISTEXT(E58),TODAY(),E58)-A58 -> 0.33181399 | H58: =IF(G58*24<=48,"Excellent handling",IF(G58*24>=96,"Bad handling","")) -> Excellent handling | I58: =IF(OR(WEEKDAY(A58)=1,WEEKDAY(A58)=7),"Weekend sale","") -> Weekend sale
A59: 45687.526 | B59: Micro-Ballpoint pen | C59: Pen | D59: Jovines | E59: 45689.728 | F59: 601.92 | G59: =IF(ISTEXT(E59),TODAY(),E59)-A59 -> 2.2026529 | H59: =IF(G59*24<=48,"Excellent handling",IF(G59*24>=96,"Bad handling","")) | I59: =IF(OR(WEEKDAY(A59)=1,WEEKDAY(A59)=7),"Weekend sale","")
A60: 45691.48 | B60: Micro scotch | C60: Scotch | D60: Atemlos | E60: 45693.045 | F60: 182.06 | G60: =IF(ISTEXT(E60),TODAY(),E60)-A60 -> 1.5652116 | H60: =IF(G60*24<=48,"Excellent handling",IF(G60*24>=96,"Bad handling","")) -> Excellent handling | I60: =IF(OR(WEEKDAY(A60)=1,WEEKDAY(A60)=7),"Weekend sale","")
A61: 45652.87 | B61: Holed transparent folder | C61: Transparent folder | D61: Marins | E61: 45655.841 | F61: 343.53 | G61: =IF(ISTEXT(E61),TODAY(),E61)-A61 -> 2.9708658 | H61: =IF(G61*24<=48,"Excellent handling",IF(G61*24>=96,"Bad handling","")) | I61: =IF(OR(WEEKDAY(A61)=1,WEEKDAY(A61)=7),"Weekend sale","")
A62: 45647.994 | B62: Basic-Fountain pen | C62: Pen | D62: Jovines | E62: NA | F62: 76.85 | G62: =IF(ISTEXT(E62),TODAY(),E62)-A62 -> 407.00615 | H62: =IF(G62*24<=48,"Excellent handling",IF(G62*24>=96,"Bad handling","")) -> Bad handling | I62: =IF(OR(WEEKDAY(A62)=1,WEEKDAY(A62)=7),"Weekend sale","") -> Weekend sale
A63: 45668.022 | B63: Large Commercial Envelope | C63: Commercial envelope | D63: Michels | E63: 45668.071 | F63: 455.34 | G63: =IF(ISTEXT(E63),TODAY(),E63)-A63 -> 0.048318222 | H63: =IF(G63*24<=48,"Excellent handling",IF(G63*24>=96,"Bad handling","")) -> Excellent handling | I63: =IF(OR(WEEKDAY(A63)=1,WEEKDAY(A63)=7),"Weekend sale","") -> Weekend sale
A64: 45695.303 | B64: Blue/Red Pencil | C64: Pencil | D64: Joy | E64: 45698.064 | F64: 696.53 | G64: =IF(ISTEXT(E64),TODAY(),E64)-A64 -> 2.7605531 | H64: =IF(G64*24<=48,"Excellent handling",IF(G64*24>=96,"Bad handling","")) | I64: =IF(OR(WEEKDAY(A64)=1,WEEKDAY(A64)=7),"Weekend sale","")
A65: 45662.261 | B65: Med File Folder | C65: File folder | D65: Marins | E65: 45666.124 | F65: 592.3 | G65: =IF(ISTEXT(E65),TODAY(),E65)-A65 -> 3.8629965 | H65: =IF(G65*24<=48,"Excellent handling",IF(G65*24>=96,"Bad handling","")) | I65: =IF(OR(WEEKDAY(A65)=1,WEEKDAY(A65)=7),"Weekend sale","") -> Weekend sale
A66: 45650.851 | B66: DeLuxe Pencil sharpener | C66: Pencil Sharpener | D66: World Office Supplier | E66: 45655.747 | F66: 437.47 | G66: =IF(ISTEXT(E66),TODAY(),E66)-A66 -> 4.8958901 | H66: =IF(G66*24<=48,"Excellent handling",IF(G66*24>=96,"Bad handling","")) -> Bad handling | I66: =IF(OR(WEEKDAY(A66)=1,WEEKDAY(A66)=7),"Weekend sale","")
A67: 45659.199 | B67: Mini Blocknotes | C67: Blocknotes | D67: Office Time | E67: NA | F67: 307.35 | G67: =IF(ISTEXT(E67),TODAY(),E67)-A67 -> 395.80123 | H67: =IF(G67*24<=48,"Excellent handling",IF(G67*24>=96,"Bad handling","")) -> Bad handling | I67: =IF(OR(WEEKDAY(A67)=1,WEEKDAY(A67)=7),"Weekend sale","")
A68: 45658.733 | B68: Transparent tape | C68: Scotch | D68: Tuscanian | E68: 45658.872 | F68: 335.94 | G68: =IF(ISTEXT(E68),TODAY(),E68)-A68 -> 0.13878676 | H68: =IF(G68*24<=48,"Excellent handling",IF(G68*24>=96,"Bad handling","")) -> Excellent handling | I68: =IF(OR(WEEKDAY(A68)=1,WEEKDAY(A68)=7),"Weekend sale","")
A69: 45684.451 | B69: 01-Refill pencil | C69: Pencil | D69: Marins | E69: 45687.999 | F69: 418.57 | G69: =IF(ISTEXT(E69),TODAY(),E69)-A69 -> 3.5485367 | H69: =IF(G69*24<=48,"Excellent handling",IF(G69*24>=96,"Bad handling","")) | I69: =IF(OR(WEEKDAY(A69)=1,WEEKDAY(A69)=7),"Weekend sale","")
A70: 45633.335 | B70: Tight Commercial Envelope | C70: Commercial envelope | D70: Juppers | E70: 45638.656 | F70: 816.6 | G70: =IF(ISTEXT(E70),TODAY(),E70)-A70 -> 5.3208676 | H70: =IF(G70*24<=48,"Excellent handling",IF(G70*24>=96,"Bad handling","")) -> Bad handling | I70: =IF(OR(WEEKDAY(A70)=1,WEEKDAY(A70)=7),"Weekend sale","") -> Weekend sale
A71: 45671.602 | B71: 01-Refill pencil | C71: Pencil | D71: Marins | E71: 45676.554 | F71: 559.28 | G71: =IF(ISTEXT(E71),TODAY(),E71)-A71 -> 4.9519333 | H71: =IF(G71*24<=48,"Excellent handling",IF(G71*24>=96,"Bad handling","")) -> Bad handling | I71: =IF(OR(WEEKDAY(A71)=1,WEEKDAY(A71)=7),"Weekend sale","")
A72: 45669.331 | B72: 01-Refill pencil | C72: Pencil | D72: Marins | E72: 45671.864 | F72: 565.25 | G72: =IF(ISTEXT(E72),TODAY(),E72)-A72 -> 2.5331585 | H72: =IF(G72*24<=48,"Excellent handling",IF(G72*24>=96,"Bad handling","")) | I72: =IF(OR(WEEKDAY(A72)=1,WEEKDAY(A72)=7),"Weekend sale","") -> Weekend sale
A73: 45694.436 | B73: Large Commercial Envelope | C73: Commercial envelope | D73: Michels | E73: 45695.88 | F73: 52.65 | G73: =IF(ISTEXT(E73),TODAY(),E73)-A73 -> 1.444107 | H73: =IF(G73*24<=48,"Excellent handling",IF(G73*24>=96,"Bad handling","")) -> Excellent handling | I73: =IF(OR(WEEKDAY(A73)=1,WEEKDAY(A73)=7),"Weekend sale","")
A74: 45644.291 | B74: Maxi Blocknotes | C74: Blocknotes | D74: Juppers | E74: See order notes | F74: 41.87 | G74: =IF(ISTEXT(E74),TODAY(),E74)-A74 -> 410.70872 | H74: =IF(G74*24<=48,"Excellent handling",IF(G74*24>=96,"Bad handling","")) -> Bad handling | I74: =IF(OR(WEEKDAY(A74)=1,WEEKDAY(A74)=7),"Weekend sale","")
A75: 45642.794 | B75: Hard-Pencil Rubber | C75: Rubber | D75: Jovines | E75: 45645.367 | F75: 169.63 | G75: =IF(ISTEXT(E75),TODAY(),E75)-A75 -> 2.5733186 | H75: =IF(G75*24<=48,"Excellent handling",IF(G75*24>=96,"Bad handling","")) | I75: =IF(OR(WEEKDAY(A75)=1,WEEKDAY(A75)=7),"Weekend sale","")
A76: 45648.601 | B76: Hard-Pencil Rubber | C76: Rubber | D76: Jovines | E76: 45648.824 | F76: 813.93 | G76: =IF(ISTEXT(E76),TODAY(),E76)-A76 -> 0.22288259 | H76: =IF(G76*24<=48,"Excellent handling",IF(G76*24>=96,"Bad handling","")) -> Excellent handling | I76: =IF(OR(WEEKDAY(A76)=1,WEEKDAY(A76)=7),"Weekend sale","") -> Weekend sale
A77: 45645.009 | B77: Midi-ballpoint pen | C77: Pen | D77: World Office Supplier | E77: 45647.585 | F77: 808.92 | G77: =IF(ISTEXT(E77),TODAY(),E77)-A77 -> 2.5751937 | H77: =IF(G77*24<=48,"Excellent handling",IF(G77*24>=96,"Bad handling","")) | I77: =IF(OR(WEEKDAY(A77)=1,WEEKDAY(A77)=7),"Weekend sale","")
A78: 45696.381 | B78: 01-Refill pencil | C78: Pencil | D78: Marins | E78: 45699.287 | F78: 225.4 | G78: =IF(ISTEXT(E78),TODAY(),E78)-A78 -> 2.9066923 | H78: =IF(G78*24<=48,"Excellent handling",IF(G78*24>=96,"Bad handling","")) | I78: =IF(OR(WEEKDAY(A78)=1,WEEKDAY(A78)=7),"Weekend sale","") -> Weekend sale
A79: 45638.047 | B79: Med Blocknotes | C79: Blocknotes | D79: Jovines | E79: 45639.774 | F79: 274.88 | G79: =IF(ISTEXT(E79),TODAY(),E79)-A79 -> 1.7267893 | H79: =IF(G79*24<=48,"Excellent handling",IF(G79*24>=96,"Bad handling","")) -> Excellent handling | I79: =IF(OR(WEEKDAY(A79)=1,WEEKDAY(A79)=7),"Weekend sale","")
A80: 45684.846 | B80: Mini Blocknotes | C80: Blocknotes | D80: Office Time | E80: 45686.18 | F80: 561.76 | G80: =IF(ISTEXT(E80),TODAY(),E80)-A80 -> 1.3347956 | H80: =IF(G80*24<=48,"Excellent handling",IF(G80*24>=96,"Bad handling","")) -> Excellent handling | I80: =IF(OR(WEEKDAY(A80)=1,WEEKDAY(A80)=7),"Weekend sale","")
A81: 45672.659 | B81: Micro-Ballpoint pen | C81: Pen | D81: Jovines | E81: 45673.733 | F81: 411.43 | G81: =IF(ISTEXT(E81),TODAY(),E81)-A81 -> 1.0738892 | H81: =IF(G81*24<=48,"Excellent handling",IF(G81*24>=96,"Bad handling","")) -> Excellent handling | I81: =IF(OR(WEEKDAY(A81)=1,WEEKDAY(A81)=7),"Weekend sale","")
A82: 45662.712 | B82: Holed transparent folder | C82: Transparent folder | D82: Marins | E82: 45663.989 | F82: 192.03 | G82: =IF(ISTEXT(E82),TODAY(),E82)-A82 -> 1.2770674 | H82: =IF(G82*24<=48,"Excellent handling",IF(G82*24>=96,"Bad handling","")) -> Excellent handling | I82: =IF(OR(WEEKDAY(A82)=1,WEEKDAY(A82)=7),"Weekend sale","") -> Weekend sale
A83: 45634.781 | B83: Soft-Pencil Rubber | C83: Rubber | D83: Tuscanian | E83: 45637.737 | F83: 754.57 | G83: =IF(ISTEXT(E83),TODAY(),E83)-A83 -> 2.9556726 | H83: =IF(G83*24<=48,"Excellent handling",IF(G83*24>=96,"Bad handling","")) | I83: =IF(OR(WEEKDAY(A83)=1,WEEKDAY(A83)=7),"Weekend sale","") -> Weekend sale
A84: 45680.034 | B84: B Pencil | C84: Pencil | D84: Jovines | E84: 45682.37 | F84: 321.49 | G84: =IF(ISTEXT(E84),TODAY(),E84)-A84 -> 2.3359692 | H84: =IF(G84*24<=48,"Excellent handling",IF(G84*24>=96,"Bad handling","")) | I84: =IF(OR(WEEKDAY(A84)=1,WEEKDAY(A84)=7),"Weekend sale","")
A85: 45683.563 | B85: Refill HB Pencil | C85: Pencil Refill | D85: World Office Supplier | E85: 45685.65 | F85: 372.21 | G85: =IF(ISTEXT(E85),TODAY(),E85)-A85 -> 2.0878015 | H85: =IF(G85*24<=48,"Excellent handling",IF(G85*24>=96,"Bad handling","")) | I85: =IF(OR(WEEKDAY(A85)=1,WEEKDAY(A85)=7),"Weekend sale","") -> Weekend sale
A86: 45677.686 | B86: 01-Refill pencil | C86: Pencil | D86: Marins | E86: 45679.038 | F86: 604.39 | G86: =IF(ISTEXT(E86),TODAY(),E86)-A86 -> 1.3522473 | H86: =IF(G86*24<=48,"Excellent handling",IF(G86*24>=96,"Bad handling","")) -> Excellent handling | I86: =IF(OR(WEEKDAY(A86)=1,WEEKDAY(A86)=7),"Weekend sale","")
... A114: 45671.204 | B114: Holed transparent folder | C114: Transparent folder | D114: Marins | E114: 45673.419 | F114: 660.49 | G114: =IF(ISTEXT(E114),TODAY(),E114)-A114 -> 2.2150986 | H114: =IF(G114*24<=48,"Excellent handling",IF(G114*24>=96,"Bad handling","")) | I114: =IF(OR(WEEKDAY(A114)=1,WEEKDAY(A114)=7),"Weekend sale","")
A115: 45627.414 | B115: Refill B Pencil | C115: Pencil Refill | D115: Tuscanian | E115: Not shipped | F115: 671.44 | G115: =IF(ISTEXT(E115),TODAY(),E115)-A115 -> 427.58593 | H115: =IF(G115*24<=48,"Excellent handling",IF(G115*24>=96,"Bad handling","")) -> Bad handling | I115: =IF(OR(WEEKDAY(A115)=1,WEEKDAY(A115)=7),"Weekend sale","") -> Weekend sale
A116: 45649.524 | B116: Refill H Pencil | C116: Pencil Refill | D116: Juppers | E116: 45652.476 | F116: 443.11 | G116: =IF(ISTEXT(E116),TODAY(),E116)-A116 -> 2.9522079 | H116: =IF(G116*24<=48,"Excellent handling",IF(G116*24>=96,"Bad handling","")) | I116: =IF(OR(WEEKDAY(A116)=1,WEEKDAY(A116)=7),"Weekend sale","")
A117: 45670.629 | B117: Colored Transparent folder | C117: Transparent folder | D117: Office Time | E117: 45673.124 | F117: 593.02 | G117: =IF(ISTEXT(E117),TODAY(),E117)-A117 -> 2.4946971 | H117: =IF(G117*24<=48,"Excellent handling",IF(G117*24>=96,"Bad handling","")) | I117: =IF(OR(WEEKDAY(A117)=1,WEEKDAY(A117)=7),"Weekend sale","")
A118: 45676.656 | B118: Hard-Pencil Rubber | C118: Rubber | D118: Jovines | E118: 45679.848 | F118: 192.41 | G118: =IF(ISTEXT(E118),TODAY(),E118)-A118 -> 3.1916744 | H118: =IF(G118*24<=48,"Excellent handling",IF(G118*24>=96,"Bad handling","")) | I118: =IF(OR(WEEKDAY(A118)=1,WEEKDAY(A118)=7),"Weekend sale","") -> Weekend sale
A119: 45696.685 | B119: Midi-ballpoint pen | C119: Pen | D119: World Office Supplier | E119: 45698.859 | F119: 662.02 | G119: =IF(ISTEXT(E119),TODAY(),E119)-A119 -> 2.1747191 | H119: =IF(G119*24<=48,"Excellent handling",IF(G119*24>=96,"Bad handling","")) | I119: =IF(OR(WEEKDAY(A119)=1,WEEKDAY(A119)=7),"Weekend sale","") -> Weekend sale
A120: 45695.86 | B120: HB Pencil | C120: Pencil | D120: World Office Supplier | E120: 45698.593 | F120: 517.61 | G120: =IF(ISTEXT(E120),TODAY(),E120)-A120 -> 2.7327102 | H120: =IF(G120*24<=48,"Excellent handling",IF(G120*24>=96,"Bad handling","")) | I120: =IF(OR(WEEKDAY(A120)=1,WEEKDAY(A120)=7),"Weekend sale","")
A121: 45647.087 | B121: Maxi Blocknotes | C121: Blocknotes | D121: Juppers | E121: 45648.888 | F121: 42.47 | G121: =IF(ISTEXT(E121),TODAY(),E121)-A121 -> 1.8017186 | H121: =IF(G121*24<=48,"Excellent handling",IF(G121*24>=96,"Bad handling","")) -> Excellent handling | I121: =IF(OR(WEEKDAY(A121)=1,WEEKDAY(A121)=7),"Weekend sale","") -> Weekend sale
A122: 45656.888 | B122: Deluxe-Fountain pen | C122: Pen | D122: Atemlos | E122: 45660.767 | F122: 735.77 | G122: =IF(ISTEXT(E122),TODAY(),E122)-A122 -> 3.8784376 | H122: =IF(G122*24<=48,"Excellent handling",IF(G122*24>=96,"Bad handling","")) | I122: =IF(OR(WEEKDAY(A122)=1,WEEKDAY(A122)=7),"Weekend sale","")
A123: 45664.728 | B123: Mini Blocknotes | C123: Blocknotes | D123: Office Time | E123: 45666.147 | F123: 296.17 | G123: =IF(ISTEXT(E123),TODAY(),E123)-A123 -> 1.4188063 | H123: =IF(G123*24<=48,"Excellent handling",IF(G123*24>=96,"Bad handling","")) -> Excellent handling | I123: =IF(OR(WEEKDAY(A123)=1,WEEKDAY(A123)=7),"Weekend sale","")
A124: 45672.224 | B124: Pencil with rubber | C124: Pencil | D124: Marins | E124: 45673.777 | F124: 227.78 | G124: =IF(ISTEXT(E124),TODAY(),E124)-A124 -> 1.5534289 | H124: =IF(G124*24<=48,"Excellent handling",IF(G124*24>=96,"Bad handling","")) -> Excellent handling | I124: =IF(OR(WEEKDAY(A124)=1,WEEKDAY(A124)=7),"Weekend sale","")
A125: 45684.237 | B125: Maxi file folder | C125: File folder | D125: Joy | E125: 45687.925 | F125: 303.03 | G125: =IF(ISTEXT(E125),TODAY(),E125)-A125 -> 3.6881804 | H125: =IF(G125*24<=48,"Excellent handling",IF(G125*24>=96,"Bad handling","")) | I125: =IF(OR(WEEKDAY(A125)=1,WEEKDAY(A125)=7),"Weekend sale","")
A126: 45627.663 | B126: Midi-ballpoint pen | C126: Pen | D126: World Office Supplier | E126: Not shipped | F126: 30.56 | G126: =IF(ISTEXT(E126),TODAY(),E126)-A126 -> 427.33703 | H126: =IF(G126*24<=48,"Excellent handling",IF(G126*24>=96,"Bad handling","")) -> Bad handling | I126: =IF(OR(WEEKDAY(A126)=1,WEEKDAY(A126)=7),"Weekend sale","") -> Weekend sale
A127: 45683.096 | B127: Holed transparent folder | C127: Transparent folder | D127: Marins | E127: 45685.273 | F127: 556.16 | G127: =IF(ISTEXT(E127),TODAY(),E127)-A127 -> 2.1775272 | H127: =IF(G127*24<=48,"Excellent handling",IF(G127*24>=96,"Bad handling","")) | I127: =IF(OR(WEEKDAY(A127)=1,WEEKDAY(A127)=7),"Weekend sale","") -> Weekend sale
...

Sheet Analysis
A1: Category | B1: Total revenues 10-20 Jan
A2: Blocknotes | B2: =SUMIFS(Stationery!F$2:F$630,Stationery!C$2:C$630,A2,Stationery!A$2:A$630,">=1/10/2025",Stationery!A$2:A$630,"<=1/20/2025") -> 0
A3: Commercial envelope | B3: =SUMIFS(Stationery!F$2:F$630,Stationery!C$2:C$630,A3,Stationery!A$2:A$630,">=1/10/2025",Stationery!A$2:A$630,"<=1/20/2025") -> 0
A4: File folder | B4: =SUMIFS(Stationery!F$2:F$630,Stationery!C$2:C$630,A4,Stationery!A$2:A$630,">=1/10/2025",Stationery!A$2:A$630,"<=1/20/2025") -> 0
A5: Pen | B5: =SUMIFS(Stationery!F$2:F$630,Stationery!C$2:C$630,A5,Stationery!A$2:A$630,">=1/10/2025",Stationery!A$2:A$630,"<=1/20/2025") -> 0
A6: Pencil | B6: =SUMIFS(Stationery!F$2:F$630,Stationery!C$2:C$630,A6,Stationery!A$2:A$630,">=1/10/2025",Stationery!A$2:A$630,"<=1/20/2025") -> 0
A7: Pencil Refill | B7: =SUMIFS(Stationery!F$2:F$630,Stationery!C$2:C$630,A7,Stationery!A$2:A$630,">=1/10/2025",Stationery!A$2:A$630,"<=1/20/2025") -> 0
A8: Pencil Sharpener | B8: =SUMIFS(Stationery!F$2:F$630,Stationery!C$2:C$630,A8,Stationery!A$2:A$630,">=1/10/2025",Stationery!A$2:A$630,"<=1/20/2025") -> 0
A9: Rubber | B9: =SUMIFS(Stationery!F$2:F$630,Stationery!C$2:C$630,A9,Stationery!A$2:A$630,">=1/10/2025",Stationery!A$2:A$630,"<=1/20/2025") -> 0
A10: Scotch | B10: =SUMIFS(Stationery!F$2:F$630,Stationery!C$2:C$630,A10,Stationery!A$2:A$630,">=1/10/2025",Stationery!A$2:A$630,"<=1/20/2025") -> 0
A11: Transparent folder | B11: =SUMIFS(Stationery!F$2:F$630,Stationery!C$2:C$630,A11,Stationery!A$2:A$630,">=1/10/2025",Stationery!A$2:A$630,"<=1/20/2025") -> 0
