Workbook
Name Future_Value: Investment!$B$5
Name Installment: Investment!$B$4
Name Int_Rate: Investment!$B$2
Name Interests: Investment!$B$6
Name Period: Investment!$B$3

Sheet Case development
B2: Lesson 9 - Case 1
G3: My personal notes:
B4: To solve the case we need to:
B5: 1. | C5: Use the PMT function to carry out the calculation in cell B6 of the Mortgage worksheet
B6: 2. | C6: Use the Date & Time functions needed to carry out the calculation in cell B9 of the Mortgage worksheet
B7: 3. | C7: Use the Goal Seek tool on cell B6 of the Mortgage worksheet so to determine the needed value in cell B3
B8: 4. | C8: Use the Date & Time and Financial functions (IPMT, PPMT) needed to carry out all calculations in columns from B to G of the Repayment plan worksheet
B9: 5. | C9: Assign meaningful names to cells in the range from B2 to B6 of the Investment worksheet
B10: 6. | C10: Use the FV function (and other formulas) to calculate values of cells B5 and B6 of the Investment worksheet
B11: 7. | C11: Use the Scenario Manager to create the scenarios of 4 options available in the Investment worksheet, showing then a Summary in a new worksheet

Sheet Mortgage
A1: Fixed-rate Mortgage (with payments at the end of the period) | D1: Original Values
A2: Loan amount | B2: 260000 | D2: Loan amount | E2: 260000
A3: Fixed Int. Rate | B3: 0.029117417 | D3: Fixed Int. Rate | E3: 0.0325
A4: Period (years) | B4: 10 | D4: Period (years) | E4: 10
A6: Monthly Installment | B6: =PMT(B3/12,B4*12,B2,0,0) -> -2500.0008 | D6: Monthly Installment | E6: =PMT(E3/12,E4*12,E2,0,0) -> -2540.6948
A8: Mortgage signing date | B8: 45748
A9: Date of last payment | B9: =DATE(YEAR(B8)+B4,MONTH(B8),DAY(B8))-1 -> 49399

Sheet Repayment plan
A1: Payment number | B1: Payment date | C1: Interests | D1: Principal | E1: Payment | F1: Interests paid | G1: Principal returned
A2: 1 | B2: =DATE(YEAR(Mortgage!B$8),MONTH(Mortgage!B$8)+A2,DAY(Mortgage!B$8))-1 -> 45777 | C2: =IPMT(Mortgage!B$3/12,A2,Mortgage!B$4*12,Mortgage!B$2,0,0) -> -630.87737 | D2: =PPMT(Mortgage!B$3/12,A2,Mortgage!B$4*12,Mortgage!B$2,0,0) -> -1869.1235 | E2: =C2+D2 -> -2500.0008 | F2: =SUM(C$2:C2) -> -630.87737 | G2: =SUM(D$2:D2) -> -1869.1235
A3: 2 | B3: =DATE(YEAR(Mortgage!B$8),MONTH(Mortgage!B$8)+A3,DAY(Mortgage!B$8))-1 -> 45808 | C3: =IPMT(Mortgage!B$3/12,A3,Mortgage!B$4*12,Mortgage!B$2,0,0) -> -626.34203 | D3: =PPMT(Mortgage!B$3/12,A3,Mortgage!B$4*12,Mortgage!B$2,0,0) -> -1873.6588 | E3: =C3+D3 -> -2500.0008 | F3: =SUM(C$2:C3) -> -1257.2194 | G3: =SUM(D$2:D3) -> -3742.7823
A4: 3 | B4: =DATE(YEAR(Mortgage!B$8),MONTH(Mortgage!B$8)+A4,DAY(Mortgage!B$8))-1 -> 45838 | C4: =IPMT(Mortgage!B$3/12,A4,Mortgage!B$4*12,Mortgage!B$2,0,0) -> -621.79569 | D4: =PPMT(Mortgage!B$3/12,A4,Mortgage!B$4*12,Mortgage!B$2,0,0) -> -1878.2051 | E4: =C4+D4 -> -2500.0008 | F4: =SUM(C$2:C4) -> -1879.0151 | G4: =SUM(D$2:D4) -> -5620.9874
A5: 4 | B5: =DATE(YEAR(Mortgage!B$8),MONTH(Mortgage!B$8)+A5,DAY(Mortgage!B$8))-1 -> 45869 | C5: =IPMT(Mortgage!B$3/12,A5,Mortgage!B$4*12,Mortgage!B$2,0,0) -> -617.23832 | D5: =PPMT(Mortgage!B$3/12,A5,Mortgage!B$4*12,Mortgage!B$2,0,0) -> -1882.7625 | E5: =C5+D5 -> -2500.0008 | F5: =SUM(C$2:C5) -> -2496.2534 | G5: =SUM(D$2:D5) -> -7503.7499
A6: 5 | B6: =DATE(YEAR(Mortgage!B$8),MONTH(Mortgage!B$8)+A6,DAY(Mortgage!B$8))-1 -> 45900 | C6: =IPMT(Mortgage!B$3/12,A6,Mortgage!B$4*12,Mortgage!B$2,0,0) -> -612.66988 | D6: =PPMT(Mortgage!B$3/12,A6,Mortgage!B$4*12,Mortgage!B$2,0,0) -> -1887.3309 | E6: =C6+D6 -> -2500.0008 | F6: =SUM(C$2:C6) -> -3108.9233 | G6: =SUM(D$2:D6) -> -9391.0808
A7: 6 | B7: =DATE(YEAR(Mortgage!B$8),MONTH(Mortgage!B$8)+A7,DAY(Mortgage!B$8))-1 -> 45930 | C7: =IPMT(Mortgage!B$3/12,A7,Mortgage!B$4*12,Mortgage!B$2,0,0) -> -608.09037 | D7: =PPMT(Mortgage!B$3/12,A7,Mortgage!B$4*12,Mortgage!B$2,0,0) -> -1891.9105 | E7: =C7+D7 -> -2500.0008 | F7: =SUM(C$2:C7) -> -3717.0137 | G7: =SUM(D$2:D7) -> -11282.991
A8: 7 | B8: =DATE(YEAR(Mortgage!B$8),MONTH(Mortgage!B$8)+A8,DAY(Mortgage!B$8))-1 -> 45961 | C8: =IPMT(Mortgage!B$3/12,A8,Mortgage!B$4*12,Mortgage!B$2,0,0) -> -603.49974 | D8: =PPMT(Mortgage!B$3/12,A8,Mortgage!B$4*12,Mortgage!B$2,0,0) -> -1896.5011 | E8: =C8+D8 -> -2500.0008 | F8: =SUM(C$2:C8) -> -4320.5134 | G8: =SUM(D$2:D8) -> -13179.492
A9: 8 | B9: =DATE(YEAR(Mortgage!B$8),MONTH(Mortgage!B$8)+A9,DAY(Mortgage!B$8))-1 -> 45991 | C9: =IPMT(Mortgage!B$3/12,A9,Mortgage!B$4*12,Mortgage!B$2,0,0) -> -598.89797 | D9: =PPMT(Mortgage!B$3/12,A9,Mortgage!B$4*12,Mortgage!B$2,0,0) -> -1901.1029 | E9: =C9+D9 -> -2500.0008 | F9: =SUM(C$2:C9) -> -4919.4114 | G9: =SUM(D$2:D9) -> -15080.595
A10: 9 | B10: =DATE(YEAR(Mortgage!B$8),MONTH(Mortgage!B$8)+A10,DAY(Mortgage!B$8))-1 -> 46022 | C10: =IPMT(Mortgage!B$3/12,A10,Mortgage!B$4*12,Mortgage!B$2,0,0) -> -594.28504 | D10: =PPMT(Mortgage!B$3/12,A10,Mortgage!B$4*12,Mortgage!B$2,0,0) -> -1905.7158 | E10: =C10+D10 -> -2500.0008 | F10: =SUM(C$2:C10) -> -5513.6964 | G10: =SUM(D$2:D10) -> -16986.311
A11: 10 | B11: =DATE(YEAR(Mortgage!B$8),MONTH(Mortgage!B$8)+A11,DAY(Mortgage!B$8))-1 -> 46053 | C11: =IPMT(Mortgage!B$3/12,A11,Mortgage!B$4*12,Mortgage!B$2,0,0) -> -589.66091 | D11: =PPMT(Mortgage!B$3/12,A11,Mortgage!B$4*12,Mortgage!B$2,0,0) -> -1910.3399 | E11: =C11+D11 -> -2500.0008 | F11: =SUM(C$2:C11) -> -6103.3573 | G11: =SUM(D$2:D11) -> -18896.651
A12: 11 | B12: =DATE(YEAR(Mortgage!B$8),MONTH(Mortgage!B$8)+A12,DAY(Mortgage!B$8))-1 -> 46081 | C12: =IPMT(Mortgage!B$3/12,A12,Mortgage!B$4*12,Mortgage!B$2,0,0) -> -585.02556 | D12: =PPMT(Mortgage!B$3/12,A12,Mortgage!B$4*12,Mortgage!B$2,0,0) -> -1914.9753 | E12: =C12+D12 -> -2500.0008 | F12: =SUM(C$2:C12) -> -6688.3829 | G12: =SUM(D$2:D12) -> -20811.626
A13: 12 | B13: =DATE(YEAR(Mortgage!B$8),MONTH(Mortgage!B$8)+A13,DAY(Mortgage!B$8))-1 -> 46112 | C13: =IPMT(Mortgage!B$3/12,A13,Mortgage!B$4*12,Mortgage!B$2,0,0) -> -580.37897 | D13: =PPMT(Mortgage!B$3/12,A13,Mortgage!B$4*12,Mortgage!B$2,0,0) -> -1919.6219 | E13: =C13+D13 -> -2500.0008 | F13: =SUM(C$2:C13) -> -7268.7618 | G13: =SUM(D$2:D13) -> -22731.248
... A121: 120 | B121: =DATE(YEAR(Mortgage!B$8),MONTH(Mortgage!B$8)+A121,DAY(Mortgage!B$8))-1 -> 49399 | C121: =IPMT(Mortgage!B$3/12,A121,Mortgage!B$4*12,Mortgage!B$2,0,0) -> -6.051447 | D121: =PPMT(Mortgage!B$3/12,A121,Mortgage!B$4*12,Mortgage!B$2,0,0) -> -2493.9494 | E121: =C121+D121 -> -2500.0008 | F121: =SUM(C$2:C121) -> -40000.099 | G121: =SUM(D$2:D121) -> -260000

Sheet Investment
A1: Savings plan (with payments at the end of the period)
A2: Interests Rate | B2: 0.0235
A3: Period (years) | B3: 10
A4: Monthly Installment | B4: -2500
A5: Future Value | B5: =FV(Int_Rate/12,Period*12,Installment,0,0) -> 337810.37
A6: Interests | B6: =B5+Installment*Period*12 -> 37810.367
B8: Interests Rate | C8: Period (years) | D8: Month. Install.
A9: Option A | B9: 0.025 | C9: 15 | D9: -
A10: Option B | B10: 0.0215 | C10: 5 | D10: -
A11: Option C | B11: - | C11: - | D11: -1800
A12: Option D | B12: 0.025 | C12: 15 | D12: -1800
